"Time","avg(qr)","avg(radHeatFlux (0))","avg(radHeatFlux (1))","avg(radHeatFlux (2))","avg(radHeatFlux (Magnitude))","max(qr)","max(radHeatFlux (0))","max(radHeatFlux (1))","max(radHeatFlux (2))","max(radHeatFlux (Magnitude))","med(qr)","med(radHeatFlux (0))","med(radHeatFlux (1))","med(radHeatFlux (2))","med(radHeatFlux (Magnitude))","min(qr)","min(radHeatFlux (0))","min(radHeatFlux (1))","min(radHeatFlux (2))","min(radHeatFlux (Magnitude))","q1(qr)","q1(radHeatFlux (0))","q1(radHeatFlux (1))","q1(radHeatFlux (2))","q1(radHeatFlux (Magnitude))","q3(qr)","q3(radHeatFlux (0))","q3(radHeatFlux (1))","q3(radHeatFlux (2))","q3(radHeatFlux (Magnitude))","std(qr)","std(radHeatFlux (0))","std(radHeatFlux (1))","std(radHeatFlux (2))","std(radHeatFlux (Magnitude))"
50,0,-0.00072854,-0.00072854,1260.7,1260.8,0,130.76,130.76,7242.6,7243.9,0,-0.00026073,-0.00026073,251.56,251.56,0,-130.76,-130.76,1.3651,1.3651,0,-0.0035127,-0.0035127,16.951,16.951,0,0.00099962,0.00099962,1777.9,1777.9,0,22.159,22.159,1963.3,1963.5
100,0,-0.010658,-0.010658,1305.8,1305.8,0,89.482,89.482,5276.3,5277.2,0,-0.01255,-0.01255,619.17,619.17,0,-89.337,-89.337,29.198,29.199,0,-0.063808,-0.063808,117.18,117.18,0,0.016688,0.016688,1970.3,1970.3,0,15.238,15.238,1535.2,1535.3
150,0,-0.014862,-0.014862,1326.1,1326.2,0,72.439,72.439,4347,4347.7,0,-0.022098,-0.022098,894.43,894.43,0,-72.343,-72.343,106.78,106.78,0,-0.077872,-0.077872,275.18,275.18,0,0.024733,0.024733,1992,1992.2,0,12.337,12.337,1275.9,1275.9
200,0,-0.011419,-0.011419,1338.3,1338.3,0,62.484,62.484,3781,3781.6,0,-0.020076,-0.020076,967.73,967.73,0,-62.418,-62.418,226.14,226.14,0,-0.071721,-0.071721,412.59,412.59,0,0.028854,0.028854,2026.9,2026.9,0,10.639,10.639,1088,1088
250,0,-0.0088358,-0.0088358,1346.6,1346.7,0,55.765,55.765,3391,3391.5,0,-0.016768,-0.016768,1052.5,1052.5,0,-55.717,-55.717,355.55,355.55,0,-0.060788,-0.060788,550.57,550.57,0,0.029202,0.029202,2055.3,2055.3,0,9.4925,9.4925,941.96,942.01
300,0,-0.0071295,-0.0071295,1352.8,1352.8,0,50.852,50.852,3102.2,3102.7,0,-0.015229,-0.015229,1041.2,1041.2,0,-50.815,-50.815,475.11,475.11,0,-0.054769,-0.054769,639.98,639.98,0,0.02883,0.02883,2037.1,2037.1,0,8.6547,8.6547,825.28,825.32
350,0,-0.0059323,-0.0059323,1357.5,1357.5,0,47.077,47.077,2878.7,2879.1,0,-0.011123,-0.011123,1097.5,1097.5,0,-47.047,-47.047,582.81,582.81,0,-0.045708,-0.045708,731.24,731.24,0,0.027375,0.027375,2000.9,2000.9,0,8.012,8.012,730.74,730.78
400,0,-0.0050355,-0.0050355,1361.2,1361.2,0,44.081,44.081,2700.4,2700.8,0,-0.0096466,-0.0096466,1098.6,1098.6,0,-44.057,-44.057,668.86,668.86,0,-0.041579,-0.041579,787.61,787.61,0,0.024799,0.024799,1959,1959,0,7.5037,7.5037,653.4,653.43
450,0,-0.0043308,-0.0043308,1364.2,1364.2,0,41.65,41.65,2555.2,2555.6,0,-0.0083595,-0.0083595,1125.5,1125.6,0,-41.63,-41.63,741.34,741.34,0,-0.038144,-0.038144,845.94,845.94,0,0.022309,0.022309,1916.8,1916.8,0,7.094,7.094,589.52,589.55
500,0,-0.0037618,-0.0037618,1366.6,1366.6,0,39.645,39.645,2435.1,2435.4,0,-0.0076124,-0.0076124,1145.8,1145.8,0,-39.628,-39.628,797.61,797.61,0,-0.036214,-0.036214,875.92,875.92,0,0.020916,0.020916,1876.5,1876.5,0,6.7594,6.7594,536.19,536.21
550,0,-0.003291,-0.003291,1368.5,1368.6,0,37.969,37.969,2334.5,2334.9,0,-0.0057067,-0.0057067,1205.5,1205.5,0,-37.955,-37.955,839.97,839.97,0,-0.032135,-0.032135,894.48,894.48,0,0.019158,0.019158,1838.9,1838.9,0,6.4842,6.4842,491.12,491.14
600,0,-0.0028997,-0.0028997,1370.1,1370.2,0,36.554,36.554,2249.4,2249.8,0,-0.0045164,-0.0045164,1252.2,1252.2,0,-36.542,-36.542,872.82,872.82,0,-0.029089,-0.029089,933.74,933.74,0,0.017007,0.017007,1804.4,1804.4,0,6.2566,6.2566,452.53,452.55
650,0,-0.002566,-0.002566,1371.4,1371.4,0,35.348,35.348,2176.8,2177.1,0,-0.0034958,-0.0034958,1288.4,1288.4,0,-35.338,-35.338,894.19,894.19,0,-0.027111,-0.027111,966.12,966.12,0,0.016128,0.016128,1772.8,1772.8,0,6.0678,6.0678,419.04,419.06
700,0,-0.0022837,-0.0022837,1372.4,1372.5,0,34.312,34.312,2114.2,2114.5,0,-0.0033477,-0.0033477,1316.5,1316.5,0,-34.303,-34.303,899.35,899.35,0,-0.024418,-0.024418,985.4,985.4,0,0.015289,0.015289,1743.9,1743.9,0,5.9111,5.9111,389.6,389.62
750,0,-0.0020416,-0.0020416,1373.3,1373.3,0,33.413,33.413,2059.9,2060.2,0,-0.0029659,-0.0029659,1338.1,1338.1,0,-33.405,-33.405,906.4,906.41,0,-0.022163,-0.022163,1009.4,1009.5,0,0.014791,0.014791,1717.5,1717.5,0,5.7811,5.7811,363.38,363.4
800,0,-0.0018333,-0.0018333,1373.9,1373.9,0,32.629,32.629,2012.5,2012.8,0,-0.0026994,-0.0026994,1354.6,1354.6,0,-32.622,-32.622,916.35,916.35,0,-0.020392,-0.020392,1027.5,1027.5,0,0.013755,0.013755,1693.4,1693.4,0,5.6733,5.6733,339.77,339.79
850,0,-0.0016531,-0.0016531,1374.4,1374.4,0,31.939,31.939,1970.7,1971,0,-0.0024811,-0.0024811,1367.1,1367.1,0,-31.933,-31.933,928.53,928.53,0,-0.018784,-0.018784,1049,1049,0,0.013556,0.013556,1671.2,1671.2,0,5.5842,5.5842,318.3,318.32
900,0,-0.0014983,-0.0014983,1374.8,1374.8,0,31.329,31.329,1933.7,1934,0,-0.0025199,-0.0025199,1376.5,1376.5,0,-31.324,-31.324,942.37,942.38,0,-0.017735,-0.017735,1072.9,1072.9,0,0.012607,0.012607,1650.9,1650.9,0,5.5108,5.5108,298.62,298.63
950,0,-0.0013599,-0.0013599,1375.1,1375.1,0,30.786,30.786,1900.7,1901,0,-0.0019794,-0.0019794,1383.3,1383.3,0,-30.781,-30.781,957.41,957.42,0,-0.0168,-0.0168,1094.5,1094.5,0,0.012151,0.012151,1632.1,1632.1,0,5.4507,5.4507,280.45,280.47
1000,0,-0.0012422,-0.0012422,1375.3,1375.3,0,30.299,30.299,1871.2,1871.4,0,-0.0018187,-0.0018187,1388.2,1388.2,0,-30.295,-30.295,973.25,973.25,0,-0.015696,-0.015696,1114.1,1114.1,0,0.011455,0.011455,1614.8,1614.8,0,5.4016,5.4016,263.6,263.61
1050,0,-0.0011382,-0.0011382,1375.5,1375.5,0,29.861,29.861,1844.5,1844.8,0,-0.0014983,-0.0014983,1391.6,1391.6,0,-29.857,-29.857,989.56,989.57,0,-0.014545,-0.014545,1131.8,1131.8,0,0.010964,0.010964,1598.7,1598.7,0,5.362,5.362,247.89,247.91
1100,0,-0.0010468,-0.0010468,1375.6,1375.6,0,29.464,29.464,1820.3,1820.6,0,-0.0012729,-0.0012729,1393.7,1393.7,0,-29.46,-29.46,1006.1,1006.1,0,-0.013391,-0.013391,1147.9,1147.9,0,0.010495,0.010495,1583.8,1583.8,0,5.3301,5.3301,233.22,233.23
1150,0,-0.00096581,-0.00096581,1375.6,1375.7,0,29.103,29.103,1798.3,1798.6,0,-0.0013021,-0.0013021,1394.9,1394.9,0,-29.1,-29.1,1022.6,1022.6,0,-0.01256,-0.01256,1162.6,1162.6,0,0.0099522,0.0099522,1570,1570,0,5.3048,5.3048,219.48,219.49
1200,0,-0.00089182,-0.00089182,1375.7,1375.7,0,28.773,28.773,1778.2,1778.5,0,-0.0010658,-0.0010658,1395.4,1395.4,0,-28.77,-28.77,1038.9,1038.9,0,-0.011964,-0.011964,1176,1176,0,0.0094174,0.0094174,1557,1557,0,5.285,5.285,206.59,206.61
1250,0,-0.00082649,-0.00082649,1375.7,1375.7,0,28.47,28.47,1759.7,1760,0,-0.00086807,-0.00086807,1395.3,1395.3,0,-28.467,-28.467,1055,1055,0,-0.011395,-0.011395,1188.3,1188.3,0,0.0089066,0.0089066,1545,1545,0,5.2698,5.2698,194.5,194.51
1300,0,-0.00076869,-0.00076869,1375.7,1375.7,0,28.191,28.191,1742.7,1743,0,-0.00070178,-0.00070178,1394.8,1394.8,0,-28.189,-28.189,1070.6,1070.6,0,-0.010692,-0.010692,1199.7,1199.7,0,0.0084195,0.0084195,1533.7,1533.7,0,5.2582,5.2582,183.15,183.16
1350,0,-0.00071377,-0.00071377,1375.6,1375.7,0,27.934,27.934,1727,1727.2,0,-0.0007791,-0.0007791,1393.9,1393.9,0,-27.932,-27.932,1085.7,1085.7,0,-0.0099817,-0.0099817,1210.2,1210.2,0,0.0079168,0.0079168,1523.1,1523.1,0,5.2498,5.2498,172.48,172.49
1400,0,-0.00066827,-0.00066827,1375.6,1375.6,0,27.696,27.696,1712.4,1712.7,0,-0.00079098,-0.00079098,1392.9,1392.9,0,-27.694,-27.694,1100.3,1100.3,0,-0.0093715,-0.0093715,1219.9,1219.9,0,0.0074242,0.0074242,1513.2,1513.2,0,5.2439,5.2439,162.46,162.48
1450,0,-0.00062167,-0.00062167,1375.6,1375.6,0,27.475,27.475,1698.9,1699.1,0,-0.00070903,-0.00070903,1391.7,1391.7,0,-27.473,-27.473,1114.3,1114.3,0,-0.0088519,-0.0088519,1231.1,1231.2,0,0.0070936,0.0070936,1503.9,1503.9,0,5.24,5.24,153.06,153.08
1500,0,-0.00058091,-0.00058091,1375.5,1375.5,0,27.269,27.269,1686.3,1686.6,0,-0.0006392,-0.0006392,1390.4,1390.4,0,-27.267,-27.267,1127.7,1127.7,0,-0.0083119,-0.0083119,1242.7,1242.8,0,0.0066838,0.0066838,1495.2,1495.2,0,5.2378,5.2378,144.24,144.26
1550,0,-0.00054424,-0.00054424,1375.5,1375.5,0,27.077,27.077,1674.6,1674.8,0,-0.00057028,-0.00057028,1389.1,1389.1,0,-27.075,-27.075,1140.6,1140.6,0,-0.0077864,-0.0077864,1253.7,1253.8,0,0.0063092,0.0063092,1487.1,1487.1,0,5.2369,5.2369,135.97,135.99
1600,0,-0.00050994,-0.00050994,1375.4,1375.4,0,26.898,26.898,1663.6,1663.9,0,-0.00050936,-0.00050936,1387.7,1387.7,0,-26.896,-26.896,1152.7,1152.7,0,-0.0073237,-0.0073237,1264.2,1264.3,0,0.0059061,0.0059061,1479.4,1479.4,0,5.2371,5.2371,128.23,128.24
1650,0,-0.00047733,-0.00047733,1375.3,1375.4,0,26.73,26.73,1653.4,1653.6,0,-0.00045806,-0.00045806,1386.3,1386.3,0,-26.729,-26.729,1164.3,1164.3,0,-0.0069611,-0.0069611,1272.4,1272.4,0,0.0055912,0.0055912,1472.2,1472.2,0,5.2381,5.2381,120.97,120.99
1700,0,-0.00044865,-0.00044865,1375.3,1375.3,0,26.574,26.574,1643.8,1644,0,-0.00041456,-0.00041456,1384.9,1384.9,0,-26.572,-26.572,1175.3,1175.3,0,-0.006536,-0.006536,1278,1278,0,0.0052592,0.0052592,1465.4,1465.4,0,5.2397,5.2397,114.19,114.21
1750,0,-0.00042147,-0.00042147,1375.2,1375.3,0,26.427,26.427,1634.8,1635,0,-0.00037741,-0.00037741,1383.6,1383.6,0,-26.426,-26.426,1185.7,1185.7,0,-0.0061384,-0.0061384,1284.1,1284.1,0,0.0049466,0.0049466,1459,1459,0,5.2419,5.2419,107.86,107.88
1800,0,-0.00039522,-0.00039522,1375.2,1375.2,0,26.289,26.289,1626.4,1626.6,0,-0.00034542,-0.00034542,1382.3,1382.3,0,-26.288,-26.288,1195.6,1195.6,0,-0.0058782,-0.0058782,1292.3,1292.3,0,0.0046521,0.0046521,1453,1453,0,5.2444,5.2444,101.95,101.97
1850,0,-0.00037126,-0.00037126,1375.1,1375.2,0,26.16,26.16,1618.5,1618.7,0,-0.00031765,-0.00031765,1381.1,1381.1,0,-26.159,-26.159,1204.8,1204.9,0,-0.0055245,-0.0055245,1300.1,1300.1,0,0.0043745,0.0043745,1447.4,1447.4,0,5.2471,5.2471,96.449,96.47
1900,0,-0.00034877,-0.00034877,1375.1,1375.1,0,26.039,26.039,1611.1,1611.3,0,-0.00029333,-0.00029333,1379.9,1379.9,0,-26.038,-26.038,1213.6,1213.6,0,-0.0051921,-0.0051921,1306.7,1306.7,0,0.0041129,0.0041129,1442.1,1442.1,0,5.2501,5.2501,91.33,91.351
1950,0,-0.0003276,-0.0003276,1375,1375.1,0,25.926,25.926,1604.1,1604.3,0,-0.00027184,-0.00027184,1378.8,1378.8,0,-25.925,-25.925,1221.9,1221.9,0,-0.004926,-0.004926,1310.1,1310.1,0,0.0038718,0.0038718,1437.1,1437.1,0,5.2531,5.2531,86.576,86.598
2000,0,-0.00030731,-0.00030731,1375,1375,0,25.819,25.819,1597.6,1597.8,0,-0.00025271,-0.00025271,1377.7,1377.7,0,-25.818,-25.818,1229.7,1229.7,0,-0.0046305,-0.0046305,1313.2,1313.2,0,0.0036586,0.0036586,1432.4,1432.4,0,5.2562,5.2562,82.166,82.19
2050,0,-0.00028926,-0.00028926,1375,1375,0,25.719,25.719,1591.4,1591.7,0,-0.00023552,-0.00023552,1376.7,1376.7,0,-25.718,-25.718,1237,1237,0,-0.0043524,-0.0043524,1316.2,1316.2,0,0.0034388,0.0034388,1427.8,1427.8,0,5.2594,5.2594,78.086,78.111
2100,0,-0.00027066,-0.00027066,1374.9,1374.9,0,25.625,25.625,1585.7,1585.9,0,-0.00021998,-0.00021998,1376.7,1376.8,0,-25.624,-25.624,1243.9,1243.9,0,-0.0040908,-0.0040908,1319,1319,0,0.0032317,0.0032317,1423.3,1423.3,0,5.2625,5.2625,74.317,74.343
2150,0,-0.00025482,-0.00025482,1374.9,1374.9,0,25.536,25.536,1580.2,1580.5,0,-0.00020583,-0.00020583,1379.9,1380,0,-25.535,-25.535,1250.4,1250.4,0,-0.0038446,-0.0038446,1321.6,1321.6,0,0.0030365,0.0030365,1419.1,1419.1,0,5.2656,5.2656,70.844,70.871
2200,0,-0.00023779,-0.00023779,1374.8,1374.9,0,25.453,25.453,1575.2,1575.4,0,-0.00022741,-0.00022741,1379.5,1379.5,0,-25.452,-25.452,1256.5,1256.5,0,-0.0036127,-0.0036127,1324.1,1324.1,0,0.0028527,0.0028527,1415.1,1415.1,0,5.2686,5.2686,67.649,67.678
2250,0,-0.00022367,-0.00022367,1374.8,1374.8,0,25.375,25.375,1570.4,1570.6,0,-0.00025243,-0.00025243,1378.3,1378.3,0,-25.375,-25.375,1262.3,1262.3,0,-0.0033943,-0.0033943,1326.4,1326.4,0,0.0026795,0.0026795,1411.4,1411.4,0,5.2715,5.2715,64.718,64.748
2300,0,-0.00021108,-0.00021108,1374.8,1374.8,0,25.302,25.302,1565.9,1566.1,0,-0.00027608,-0.00027608,1379.8,1379.8,0,-25.301,-25.301,1267.7,1267.7,0,-0.0031886,-0.0031886,1328.5,1328.5,0,0.0025164,0.0025164,1407.9,1407.9,0,5.2743,5.2743,62.034,62.067
2350,0,-0.00019813,-0.00019813,1374.7,1374.8,0,25.233,25.233,1561.7,1561.9,0,-0.00025517,-0.00025517,1380.4,1380.4,0,-25.233,-25.233,1272.7,1272.7,0,-0.002995,-0.002995,1330.6,1330.6,0,0.0023629,0.0023629,1405.5,1405.6,0,5.2771,5.2771,59.586,59.619
2400,0,-0.00018648,-0.00018648,1374.7,1374.7,0,25.169,25.169,1557.7,1557.9,0,-0.00019966,-0.00019966,1379.2,1379.2,0,-25.168,-25.168,1277.5,1277.5,0,-0.0028128,-0.0028128,1332.5,1332.5,0,0.0022184,0.0022184,1405.1,1405.2,0,5.2797,5.2797,57.355,57.39
2450,0,-0.00017498,-0.00017498,1374.7,1374.7,0,25.108,25.108,1554,1554.2,0,-0.00014748,-0.00014748,1378.1,1378.1,0,-25.108,-25.108,1281.9,1281.9,0,-0.0026413,-0.0026413,1334.2,1334.2,0,0.0020825,0.0020825,1403.3,1403.3,0,5.2823,5.2823,55.332,55.368
2500,0,-0.00016357,-0.00016357,1374.7,1374.7,0,25.051,25.051,1550.5,1550.7,0,-0.00013264,-0.00013264,1377,1377,0,-25.051,-25.051,1286.1,1286.1,0,-0.0024961,-0.0024961,1335.9,1335.9,0,0.0019546,0.0019546,1400.7,1400.7,0,5.2847,5.2847,53.5,53.538
2550,0,-0.00015341,-0.00015341,1374.6,1374.7,0,24.998,24.998,1547.2,1547.5,0,-0.00012477,-0.00012477,1376,1376,0,-24.997,-24.997,1290.1,1290.1,0,-0.0023772,-0.0023772,1337.5,1337.5,0,0.0018343,0.0018343,1398.2,1398.2,0,5.287,5.287,51.847,51.886
2600,0,-0.00014486,-0.00014486,1374.6,1374.6,0,24.947,24.947,1544.2,1544.4,0,-0.00011736,-0.00011736,1375.1,1375.1,0,-24.947,-24.947,1293.7,1293.7,0,-0.0022312,-0.0022312,1339,1339,0,0.0017212,0.0017212,1395.9,1395.9,0,5.2892,5.2892,50.359,50.4
2650,0,-0.00021796,-0.00021796,1374.6,1374.6,0,24.904,24.904,1541.5,1541.7,0,-0.00014148,-0.00014148,1374.2,1374.2,0,-24.903,-24.903,1297.1,1297.1,0,-0.0038169,-0.0038169,1340.3,1340.3,0,0.0030509,0.0030509,1393.9,1393.9,0,5.2915,5.2915,49.117,49.159
2700,0,-0.00023188,-0.00023188,1374.6,1374.6,0,24.862,24.862,1539,1539.2,0,-0.00019874,-0.00019874,1373.4,1373.4,0,-24.862,-24.862,1300.2,1300.2,0,-0.0036481,-0.0036481,1342.5,1342.5,0,0.0028835,0.0028835,1392,1392,0,5.2936,5.2936,47.993,48.036
2750,0,-0.00022513,-0.00022513,1374.6,1374.6,0,24.823,24.823,1536.6,1536.8,0,-0.00022683,-0.00022683,1372.6,1372.6,0,-24.823,-24.823,1303.1,1303.1,0,-0.0034388,-0.0034388,1344.4,1344.4,0,0.0027156,0.0027156,1390.1,1390.1,0,5.2956,5.2956,46.98,47.024
2800,0,-0.00021284,-0.00021284,1374.6,1374.6,0,24.786,24.786,1534.3,1534.5,0,-0.00025274,-0.00025274,1371.9,1371.9,0,-24.786,-24.786,1305.9,1305.9,0,-0.0032394,-0.0032394,1346.3,1346.3,0,0.0025572,0.0025572,1388.4,1388.4,0,5.2974,5.2974,46.072,46.117
2850,0,-0.00020205,-0.00020205,1374.5,1374.6,0,24.751,24.751,1532.2,1532.4,0,-0.00027687,-0.00027687,1371.2,1371.2,0,-24.751,-24.751,1308.4,1308.5,0,-0.0030509,-0.0030509,1347.6,1347.6,0,0.0024076,0.0024076,1386.8,1386.8,0,5.2991,5.2991,45.26,45.306
2900,0,-0.00018877,-0.00018877,1374.5,1374.5,0,24.719,24.719,1530.2,1530.4,0,-0.00023091,-0.00023091,1370.6,1370.6,0,-24.718,-24.718,1310.9,1310.9,0,-0.0028728,-0.0028728,1348.4,1348.4,0,0.0022664,0.0022664,1385.3,1385.3,0,5.3007,5.3007,44.535,44.582
2950,0,-0.00017897,-0.00017897,1374.5,1374.5,0,24.688,24.688,1528.2,1528.5,0,-0.00018107,-0.00018107,1370.1,1370.1,0,-24.687,-24.687,1313.2,1313.2,0,-0.0027048,-0.0027048,1349.2,1349.2,0,0.0021332,0.0021332,1383.9,1383.9,0,5.3022,5.3022,43.89,43.938
3000,0,-0.00016849,-0.00016849,1374.5,1374.5,0,24.658,24.658,1526.5,1526.7,0,-0.00013909,-0.00013909,1369.5,1369.5,0,-24.658,-24.658,1315.3,1315.3,0,-0.0025619,-0.0025619,1349.8,1349.8,0,0.0020075,0.0020075,1382.5,1382.5,0,5.3036,5.3036,43.319,43.368
3050,0,-0.00015894,-0.00015894,1374.5,1374.5,0,24.631,24.631,1524.8,1525,0,-0.00013236,-0.00013236,1369,1369,0,-24.63,-24.63,1317.3,1317.3,0,-0.0024431,-0.0024431,1350.5,1350.5,0,0.0018889,0.0018889,1381.2,1381.2,0,5.3049,5.3049,42.812,42.862
3100,0,-0.00014946,-0.00014946,1374.5,1374.5,0,24.605,24.605,1523.2,1523.4,0,-0.00012575,-0.00012575,1368.5,1368.5,0,-24.604,-24.604,1319.2,1319.2,0,-0.0022982,-0.0022982,1351.2,1351.2,0,0.0017772,0.0017772,1380.1,1380.1,0,5.3061,5.3061,42.365,42.415
3150,0,-0.00016116,-0.00016116,1374.5,1374.5,0,24.581,24.581,1521.7,1522,0,-0.00020244,-0.00020244,1368.1,1368.1,0,-24.58,-24.58,1320.9,1320.9,0,-0.0028596,-0.0028596,1351.7,1351.7,0,0.0023086,0.0023086,1379,1379,0,5.3073,5.3073,41.988,42.038
3200,0,-0.00017773,-0.00017773,1374.5,1374.5,0,24.559,24.559,1520.4,1520.6,0,-0.0002123,-0.0002123,1367.3,1367.3,0,-24.559,-24.559,1322.6,1322.6,0,-0.002829,-0.002829,1352.2,1352.2,0,0.0022348,0.0022348,1377.9,1377.9,0,5.3085,5.3085,41.664,41.715
3250,0,-0.0001747,-0.0001747,1374.4,1374.5,0,24.539,24.539,1519.2,1519.4,0,-0.00016979,-0.00016979,1366.6,1366.6,0,-24.539,-24.539,1324.1,1324.1,0,-0.0026768,-0.0026768,1352.7,1352.7,0,0.002112,0.002112,1377,1377,0,5.3096,5.3096,41.385,41.436
3300,0,-0.0001663,-0.0001663,1374.4,1374.5,0,24.52,24.52,1518,1518.2,0,-0.00013424,-0.00013424,1366.2,1366.2,0,-24.52,-24.52,1325.5,1325.5,0,-0.0025559,-0.0025559,1353.2,1353.2,0,0.0019952,0.0019952,1376.1,1376.1,0,5.3106,5.3106,41.137,41.189
3350,0,-0.00015629,-0.00015629,1374.4,1374.4,0,24.501,24.501,1516.8,1517.1,0,-0.00012987,-0.00012987,1365.3,1365.3,0,-24.501,-24.501,1326.8,1326.9,0,-0.0024342,-0.0024342,1353.6,1353.6,0,0.0018815,0.0018815,1375.3,1375.3,0,5.3115,5.3115,40.911,40.964
3400,0,-0.00014927,-0.00014927,1374.4,1374.4,0,24.484,24.484,1515.8,1516,0,-0.00012526,-0.00012526,1365.1,1365.1,0,-24.484,-24.484,1328.1,1328.1,0,-0.0022975,-0.0022975,1354,1354,0,0.0017771,0.0017771,1374.5,1374.5,0,5.3123,5.3123,40.719,40.772
3450,0,-0.00015247,-0.00015247,1374.4,1374.4,0,24.469,24.469,1514.8,1515.1,0,-0.00014782,-0.00014782,1364.9,1364.9,0,-24.468,-24.468,1329.3,1329.3,0,-0.002599,-0.002599,1354.4,1354.4,0,0.0020533,0.0020533,1373.8,1373.8,0,5.3132,5.3132,40.557,40.61
3500,0,-0.00015993,-0.00015993,1374.4,1374.4,0,24.454,24.454,1514,1514.2,0,-0.00012669,-0.00012669,1364.6,1364.6,0,-24.454,-24.454,1330.3,1330.3,0,-0.00256,-0.00256,1354.8,1354.8,0,0.0019999,0.0019999,1373,1373,0,5.314,5.314,40.422,40.476
3550,0,-0.00015698,-0.00015698,1374.4,1374.4,0,24.441,24.441,1513.1,1513.4,0,-0.00012528,-0.00012528,1364.4,1364.4,0,-24.44,-24.44,1331.3,1331.4,0,-0.0024517,-0.0024517,1355.1,1355.1,0,0.0018949,0.0018949,1372.4,1372.4,0,5.3147,5.3147,40.303,40.357
3600,0,-0.00014871,-0.00014871,1374.4,1374.4,0,24.428,24.428,1512.3,1512.6,0,-0.000123,-0.000123,1364.2,1364.2,0,-24.427,-24.427,1332.3,1332.3,0,-0.0023212,-0.0023212,1355.4,1355.4,0,0.0017945,0.0017945,1371.8,1371.8,0,5.3154,5.3154,40.197,40.251
3650,0,-0.00014715,-0.00014715,1374.4,1374.4,0,24.416,24.416,1511.6,1511.8,0,-0.00011984,-0.00011984,1364.1,1364.1,0,-24.415,-24.415,1333.2,1333.2,0,-0.0024267,-0.0024267,1355.7,1355.7,0,0.0018956,0.0018956,1371.2,1371.2,0,5.316,5.316,40.106,40.16
3700,0,-0.0001524,-0.0001524,1374.4,1374.4,0,24.405,24.405,1510.9,1511.1,0,-0.0001189,-0.0001189,1363.9,1363.9,0,-24.404,-24.404,1334,1334,0,-0.0024521,-0.0024521,1355.9,1355.9,0,0.0019025,0.0019025,1370.7,1370.7,0,5.3166,5.3166,40.035,40.089
3750,0,-0.00014863,-0.00014863,1374.4,1374.4,0,24.394,24.394,1510.3,1510.5,0,-0.0001186,-0.0001186,1363.7,1363.7,0,-24.394,-24.394,1334.8,1334.8,0,-0.0023405,-0.0023405,1356.2,1356.2,0,0.0018093,0.0018093,1370.2,1370.2,0,5.3172,5.3172,39.971,40.026
3800,0,-0.00014295,-0.00014295,1374.4,1374.4,0,24.384,24.384,1509.7,1509.9,0,-0.00011773,-0.00011773,1363.6,1363.6,0,-24.384,-24.384,1335.5,1335.5,0,-0.0022222,-0.0022222,1356.4,1356.4,0,0.0017187,0.0017187,1369.8,1369.8,0,5.3177,5.3177,39.914,39.968
3850,0,-0.0001466,-0.0001466,1374.4,1374.4,0,24.375,24.375,1509.1,1509.4,0,-0.00011317,-0.00011317,1363.5,1363.5,0,-24.375,-24.375,1336.2,1336.2,0,-0.0023829,-0.0023829,1356.6,1356.6,0,0.0018476,0.0018476,1369.4,1369.4,0,5.3183,5.3183,39.871,39.926
3900,0,-0.00014509,-0.00014509,1374.4,1374.4,0,24.367,24.367,1508.6,1508.8,0,-0.00011358,-0.00011358,1363.3,1363.3,0,-24.366,-24.366,1336.8,1336.8,0,-0.0022806,-0.0022806,1356.8,1356.8,0,0.0017627,0.0017627,1369,1369,0,5.3187,5.3187,39.832,39.887
3950,0,-0.00014267,-0.00014267,1374.4,1374.4,0,24.359,24.359,1508.2,1508.4,0,-0.00011121,-0.00011121,1363.2,1363.2,0,-24.359,-24.359,1337.4,1337.4,0,-0.0023481,-0.0023481,1357,1357,0,0.0018165,0.0018165,1368.6,1368.6,0,5.3192,5.3192,39.802,39.856
4000,0,-0.0001423,-0.0001423,1374.4,1374.4,0,24.352,24.352,1507.7,1507.9,0,-0.00010841,-0.00010841,1363.1,1363.1,0,-24.351,-24.351,1338,1338,0,-0.0022866,-0.0022866,1357.2,1357.2,0,0.0017672,0.0017672,1368.3,1368.3,0,5.3196,5.3196,39.776,39.831
4050,0,-0.00014159,-0.00014159,1374.4,1374.4,0,24.346,24.346,1507.3,1507.5,0,-0.00010743,-0.00010743,1363,1363,0,-24.345,-24.345,1338.4,1338.4,0,-0.0023098,-0.0023098,1356.9,1356.9,0,0.0017791,0.0017791,1368,1368,0,5.32,5.32,39.755,39.81
4100,0,-0.00014084,-0.00014084,1374.4,1374.4,0,24.339,24.339,1506.9,1507.1,0,-0.00010388,-0.00010388,1362.9,1362.9,0,-24.339,-24.339,1338.9,1338.9,0,-0.0022631,-0.0022631,1356.6,1356.6,0,0.0017473,0.0017473,1367.7,1367.7,0,5.3204,5.3204,39.738,39.793
4150,0,-0.00014102,-0.00014102,1374.4,1374.4,0,24.333,24.333,1506.5,1506.8,0,-0.00010002,-0.00010002,1362.8,1362.8,0,-24.333,-24.333,1339.4,1339.4,0,-0.0022907,-0.0022907,1357,1357,0,0.0017654,0.0017654,1367.4,1367.4,0,5.3207,5.3207,39.725,39.78
4200,0,-0.00013902,-0.00013902,1374.3,1374.4,0,24.328,24.328,1506.2,1506.4,0,-0.00010039,-0.00010039,1362.7,1362.7,0,-24.327,-24.327,1339.8,1339.8,0,-0.0022184,-0.0022184,1357.4,1357.4,0,0.0017107,0.0017107,1367.2,1367.2,0,5.3211,5.3211,39.715,39.77
4250,0,-0.00013858,-0.00013858,1374.3,1374.4,0,24.323,24.323,1505.9,1506.1,0,-9.5126e-05,-9.5126e-05,1362.6,1362.6,0,-24.323,-24.323,1340.2,1340.2,0,-0.0022433,-0.0022433,1357.8,1357.8,0,0.001727,0.001727,1366.9,1366.9,0,5.3214,5.3214,39.708,39.763
4300,0,-0.00013725,-0.00013725,1374.3,1374.4,0,24.319,24.319,1505.7,1505.9,0,-9.1023e-05,-9.1023e-05,1362.6,1362.6,0,-24.318,-24.318,1340.5,1340.5,0,-0.0022492,-0.0022492,1358,1358,0,0.00173,0.00173,1366.7,1366.7,0,5.3217,5.3217,39.703,39.758
4350,0,-0.00013751,-0.00013751,1374.3,1374.4,0,24.315,24.315,1505.4,1505.6,0,-8.6917e-05,-8.6917e-05,1362.5,1362.5,0,-24.314,-24.314,1340.8,1340.8,0,-0.0022413,-0.0022413,1358.1,1358.1,0,0.0017235,0.0017235,1366.5,1366.5,0,5.3219,5.3219,39.701,39.756
4400,0,-0.00013598,-0.00013598,1374.3,1374.4,0,24.311,24.311,1505.2,1505.4,0,-8.2748e-05,-8.2748e-05,1362.4,1362.4,0,-24.31,-24.31,1341.1,1341.1,0,-0.0022302,-0.0022302,1358.2,1358.2,0,0.0017163,0.0017163,1366.3,1366.3,0,5.3222,5.3222,39.699,39.755
4450,0,-0.00013408,-0.00013408,1374.3,1374.4,0,24.308,24.308,1505,1505.2,0,-7.9168e-05,-7.9168e-05,1362.4,1362.4,0,-24.307,-24.307,1341.4,1341.4,0,-0.0022163,-0.0022163,1358.2,1358.2,0,0.0017075,0.0017075,1366.2,1366.2,0,5.3224,5.3224,39.7,39.755
4500,0,-0.00013444,-0.00013444,1374.3,1374.4,0,24.305,24.305,1504.8,1505,0,-7.4074e-05,-7.4074e-05,1362.3,1362.3,0,-24.304,-24.304,1341.6,1341.6,0,-0.0022192,-0.0022192,1358.3,1358.3,0,0.001714,0.001714,1366.1,1366.1,0,5.3227,5.3227,39.701,39.757
4550,0,-0.00013378,-0.00013378,1374.3,1374.4,0,24.302,24.302,1504.6,1504.9,0,-6.9631e-05,-6.9631e-05,1362.3,1362.3,0,-24.302,-24.302,1341.8,1341.8,0,-0.0022032,-0.0022032,1358.4,1358.4,0,0.0017053,0.0017053,1365.9,1365.9,0,5.3229,5.3229,39.703,39.759
4600,0,-0.00013268,-0.00013268,1374.3,1374.4,0,24.299,24.299,1504.5,1504.7,0,-6.3196e-05,-6.3196e-05,1362.2,1362.2,0,-24.299,-24.299,1342.1,1342.1,0,-0.0021971,-0.0021971,1358.4,1358.4,0,0.0017063,0.0017063,1365.8,1365.8,0,5.3231,5.3231,39.707,39.763
4650,0,-0.00013215,-0.00013215,1374.3,1374.4,0,24.298,24.298,1504.3,1504.6,0,-5.8709e-05,-5.8709e-05,1362.2,1362.2,0,-24.297,-24.297,1342.2,1342.2,0,-0.0021859,-0.0021859,1358.4,1358.4,0,0.0017002,0.0017002,1365.7,1365.7,0,5.3233,5.3233,39.711,39.766
4700,0,-0.00013107,-0.00013107,1374.3,1374.3,0,24.296,24.296,1504.2,1504.5,0,-5.3997e-05,-5.3997e-05,1362.1,1362.1,0,-24.295,-24.295,1342.4,1342.4,0,-0.0021732,-0.0021732,1358.5,1358.5,0,0.0016925,0.0016925,1365.6,1365.6,0,5.3234,5.3234,39.715,39.77
4750,0,-0.00012942,-0.00012942,1374.3,1374.3,0,24.294,24.294,1504.1,1504.4,0,-4.8726e-05,-4.8726e-05,1362.1,1362.1,0,-24.294,-24.294,1342.5,1342.5,0,-0.0021595,-0.0021595,1358.5,1358.5,0,0.0016832,0.0016832,1365.5,1365.5,0,5.3236,5.3236,39.72,39.775
4800,0,-0.00012834,-0.00012834,1374.3,1374.3,0,24.293,24.293,1504.1,1504.3,0,-4.6151e-05,-4.6151e-05,1362.1,1362.1,0,-24.293,-24.293,1342.6,1342.6,0,-0.0021564,-0.0021564,1358.5,1358.5,0,0.0016795,0.0016795,1365.5,1365.5,0,5.3237,5.3237,39.723,39.779
4850,0,-0.00012729,-0.00012729,1374.3,1374.3,0,24.292,24.292,1504,1504.3,0,-4.3321e-05,-4.3321e-05,1362.1,1362.1,0,-24.292,-24.292,1342.7,1342.7,0,-0.0021433,-0.0021433,1358.6,1358.6,0,0.0016764,0.0016764,1365.5,1365.5,0,5.3238,5.3238,39.728,39.784
4900,0,-0.00012729,-0.00012729,1374.3,1374.3,0,24.292,24.292,1504,1504.3,0,-4.3321e-05,-4.3321e-05,1362.1,1362.1,0,-24.292,-24.292,1342.7,1342.7,0,-0.0021433,-0.0021433,1358.6,1358.6,0,0.0016764,0.0016764,1365.5,1365.5,0,5.3238,5.3238,39.728,39.784
4950,0,-0.00012729,-0.00012729,1374.3,1374.3,0,24.292,24.292,1504,1504.3,0,-4.3321e-05,-4.3321e-05,1362.1,1362.1,0,-24.292,-24.292,1342.7,1342.7,0,-0.0021433,-0.0021433,1358.6,1358.6,0,0.0016764,0.0016764,1365.5,1365.5,0,5.3238,5.3238,39.728,39.784
5000,0,-0.00012729,-0.00012729,1374.3,1374.3,0,24.292,24.292,1504,1504.3,0,-4.3321e-05,-4.3321e-05,1362.1,1362.1,0,-24.292,-24.292,1342.7,1342.7,0,-0.0021433,-0.0021433,1358.6,1358.6,0,0.0016764,0.0016764,1365.5,1365.5,0,5.3238,5.3238,39.728,39.784
