"N","Time","avg(E)","avg(radHeatFlux (0))","avg(radHeatFlux (1))","avg(radHeatFlux (2))","avg(radHeatFlux (Magnitude))","avg(radHeatFlux1 (0))","avg(radHeatFlux1 (1))","avg(radHeatFlux1 (2))","avg(radHeatFlux1 (Magnitude))","avg(radHeatFlux2 (0))","avg(radHeatFlux2 (1))","avg(radHeatFlux2 (2))","avg(radHeatFlux2 (Magnitude))","avg(radHeatFlux3 (0))","avg(radHeatFlux3 (1))","avg(radHeatFlux3 (2))","avg(radHeatFlux3 (Magnitude))","max(E)","max(radHeatFlux (0))","max(radHeatFlux (1))","max(radHeatFlux (2))","max(radHeatFlux (Magnitude))","max(radHeatFlux1 (0))","max(radHeatFlux1 (1))","max(radHeatFlux1 (2))","max(radHeatFlux1 (Magnitude))","max(radHeatFlux2 (0))","max(radHeatFlux2 (1))","max(radHeatFlux2 (2))","max(radHeatFlux2 (Magnitude))","max(radHeatFlux3 (0))","max(radHeatFlux3 (1))","max(radHeatFlux3 (2))","max(radHeatFlux3 (Magnitude))","med(E)","med(radHeatFlux (0))","med(radHeatFlux (1))","med(radHeatFlux (2))","med(radHeatFlux (Magnitude))","med(radHeatFlux1 (0))","med(radHeatFlux1 (1))","med(radHeatFlux1 (2))","med(radHeatFlux1 (Magnitude))","med(radHeatFlux2 (0))","med(radHeatFlux2 (1))","med(radHeatFlux2 (2))","med(radHeatFlux2 (Magnitude))","med(radHeatFlux3 (0))","med(radHeatFlux3 (1))","med(radHeatFlux3 (2))","med(radHeatFlux3 (Magnitude))","min(E)","min(radHeatFlux (0))","min(radHeatFlux (1))","min(radHeatFlux (2))","min(radHeatFlux (Magnitude))","min(radHeatFlux1 (0))","min(radHeatFlux1 (1))","min(radHeatFlux1 (2))","min(radHeatFlux1 (Magnitude))","min(radHeatFlux2 (0))","min(radHeatFlux2 (1))","min(radHeatFlux2 (2))","min(radHeatFlux2 (Magnitude))","min(radHeatFlux3 (0))","min(radHeatFlux3 (1))","min(radHeatFlux3 (2))","min(radHeatFlux3 (Magnitude))"
180,50,1.1674e+07,-0.17443,-0.17443,10531,10531,-0.17443,-0.17443,10531,10531,-2.7863e-12,3.5514e-12,5.0104e-13,4.2789e-11,0.17443,0.17443,-10531,10531,2.222e+07,6.4879,6.4879,17928,17928,6.4879,6.4879,17928,17928,3.2597e-11,4.1191e-11,1.0896e-10,1.3289e-10,8.7565,8.7565,-7036.1,17928,1.0491e+07,-0.039347,-0.039347,8810.8,8810.8,-0.039347,-0.039347,8810.8,8810.8,0,0,0,3.3496e-11,0.039347,0.039347,-8810.8,8810.8,5.0832e+06,-8.7565,-8.7565,7036.1,7036.1,-8.7565,-8.7565,7036.1,7036.1,-5.1657e-11,-3.8292e-11,-1.3197e-10,0,-6.4879,-6.4879,-17928,7036.1
180,100,1.3148e+07,-0.12715,-0.12715,11078,11078,-0.12715,-0.12715,11078,11078,-3.1916e-12,3.9757e-12,6.1584e-13,4.64e-11,0.12715,0.12715,-11078,11078,2.3984e+07,4.5391,4.5391,14111,14111,4.5391,4.5391,14111,14111,3.5604e-11,4.7631e-11,1.1579e-10,1.3864e-10,6.251,6.251,-8847.7,14111,1.2414e+07,-0.0084923,-0.0084923,10804,10804,-0.0084923,-0.0084923,10804,10804,0,0,0,3.8387e-11,0.0084923,0.0084923,-10804,10804,4.5368e+06,-6.251,-6.251,8847.7,8847.7,-6.251,-6.251,8847.7,8847.7,-5.889e-11,-4.4147e-11,-1.3769e-10,0,-4.5391,-4.5391,-14111,8847.7
180,150,1.3939e+07,-0.13478,-0.13478,11194,11194,-0.13478,-0.13478,11194,11194,-3.4321e-12,4.1669e-12,6.7846e-13,4.9195e-11,0.13478,0.13478,-11194,11194,2.4511e+07,4.0275,4.0275,12695,12695,4.0275,4.0275,12695,12695,3.6729e-11,5.092e-11,1.2341e-10,1.4697e-10,5.4652,5.4652,-9593.2,12695,1.3565e+07,-0.031318,-0.031318,11262,11262,-0.031318,-0.031318,11262,11262,0,0,0,4.1094e-11,0.031318,0.031318,-11262,11262,4.5601e+06,-5.4652,-5.4652,9593.2,9593.2,-5.4652,-5.4652,9593.2,9593.2,-6.1971e-11,-4.7358e-11,-1.4596e-10,0,-4.0275,-4.0275,-12695,9593.2
180,200,1.4395e+07,-0.1409,-0.1409,11210,11210,-0.1409,-0.1409,11210,11210,-3.5706e-12,4.2667e-12,7.1282e-13,5.1062e-11,0.1409,0.1409,-11210,11210,2.4741e+07,3.8133,3.8133,12034,12034,3.8133,3.8133,12034,12034,3.7255e-11,5.2665e-11,1.2904e-10,1.5352e-10,5.1677,5.1677,-10162,12034,1.4199e+07,-0.031664,-0.031664,11305,11305,-0.031664,-0.031664,11305,11305,0,0,0,4.243e-11,0.031664,0.031664,-11305,11305,4.7053e+06,-5.1677,-5.1677,10162,10162,-5.1677,-5.1677,10162,10162,-6.348e-11,-4.9122e-11,-1.5247e-10,0,-3.8133,-3.8133,-12034,10162
180,250,1.4664e+07,-0.13238,-0.13238,11204,11204,-0.13238,-0.13238,11204,11204,-3.6514e-12,4.3232e-12,7.3248e-13,5.2242e-11,0.13238,0.13238,-11204,11204,2.4859e+07,3.676,3.676,11684,11684,3.676,3.676,11684,11684,3.7535e-11,5.3645e-11,1.3272e-10,1.5793e-10,5.0078,5.0078,-10556,11684,1.4556e+07,-0.019421,-0.019421,11272,11272,-0.019421,-0.019421,11272,11272,0,0,0,4.3178e-11,0.019421,0.019421,-11272,11272,4.8417e+06,-5.0078,-5.0078,10556,10557,-5.0078,-5.0078,10556,10557,-6.4299e-11,-5.0128e-11,-1.5684e-10,0,-3.676,-3.676,-11684,10557
180,300,1.4825e+07,-0.15708,-0.15708,11195,11195,-0.15708,-0.15708,11195,11195,-3.6991e-12,4.3563e-12,7.4401e-13,5.2966e-11,0.15708,0.15708,-11195,11195,2.4926e+07,3.6365,3.6365,11485,11485,3.6365,3.6365,11485,11485,3.7693e-11,5.4214e-11,1.35e-10,1.607e-10,4.8769,4.8769,-10809,11485,1.4763e+07,-0.043581,-0.043581,11238,11238,-0.043581,-0.043581,11238,11238,0,0,0,4.3612e-11,0.043581,0.043581,-11238,11238,4.9405e+06,-4.8769,-4.8769,10809,10809,-4.8769,-4.8769,10809,10809,-6.4767e-11,-5.0716e-11,-1.596e-10,0,-3.6365,-3.6365,-11485,10809
180,350,1.4922e+07,-0.093173,-0.093173,11189,11189,-0.093173,-0.093173,11189,11189,-3.7275e-12,4.3759e-12,7.5086e-13,5.3405e-11,0.093173,0.093173,-11189,11189,2.4964e+07,3.5193,3.5193,11369,11369,3.5193,3.5193,11369,11369,3.7786e-11,5.4549e-11,1.3639e-10,1.624e-10,4.9076,4.9076,-10965,11369,1.4885e+07,0.0047471,0.0047471,11214,11214,0.0047471,0.0047471,11214,11214,0,0,0,4.3868e-11,-0.0047471,-0.0047471,-11214,11214,5.0051e+06,-4.9076,-4.9076,10965,10965,-4.9076,-4.9076,10965,10965,-6.504e-11,-5.1063e-11,-1.6129e-10,0,-3.5193,-3.5193,-11369,10965
180,400,1.4979e+07,-0.15122,-0.15122,11185,11185,-0.15122,-0.15122,11185,11185,-3.7443e-12,4.3876e-12,7.5491e-13,5.3667e-11,0.15122,0.15122,-11185,11185,2.4987e+07,3.5743,3.5743,11301,11301,3.5743,3.5743,11301,11301,3.784e-11,5.4747e-11,1.3722e-10,1.6342e-10,4.8165,4.8165,-11053,11301,1.4958e+07,-0.041882,-0.041882,11199,11199,-0.041882,-0.041882,11199,11199,0,0,0,4.4019e-11,0.041882,0.041882,-11199,11199,5.0453e+06,-4.8165,-4.8165,11053,11053,-4.8165,-4.8165,11053,11053,-6.5202e-11,-5.1269e-11,-1.623e-10,0,-3.5743,-3.5743,-11301,11053
180,450,1.5013e+07,-0.1265,-0.1265,11183,11183,-0.1265,-0.1265,11183,11183,-3.7543e-12,4.3945e-12,7.5734e-13,5.3824e-11,0.1265,0.1265,-11183,11183,2.5e+07,3.5103,3.5103,11261,11261,3.5103,3.5103,11261,11261,3.7873e-11,5.4865e-11,1.3772e-10,1.6403e-10,4.8202,4.8202,-11102,11261,1.5e+07,-0.0097493,-0.0097493,11190,11190,-0.0097493,-0.0097493,11190,11190,0,0,0,4.4109e-11,0.0097493,0.0097493,-11190,11190,5.0698e+06,-4.8202,-4.8202,11102,11102,-4.8202,-4.8202,11102,11102,-6.5298e-11,-5.1391e-11,-1.6291e-10,0,-3.5103,-3.5103,-11261,11102
180,500,1.5033e+07,-0.12381,-0.12381,11181,11181,-0.12381,-0.12381,11181,11181,-3.7602e-12,4.3986e-12,7.5873e-13,5.3916e-11,0.12381,0.12381,-11181,11181,2.5008e+07,3.4769,3.4769,11237,11237,3.4769,3.4769,11237,11237,3.7892e-11,5.4934e-11,1.3801e-10,1.6439e-10,4.8039,4.8039,-11131,11237,1.5026e+07,-0.0028578,-0.0028578,11185,11185,-0.0028578,-0.0028578,11185,11185,0,0,0,4.4162e-11,0.0028578,0.0028578,-11185,11185,5.0846e+06,-4.8039,-4.8039,11131,11131,-4.8039,-4.8039,11131,11131,-6.5355e-11,-5.1463e-11,-1.6326e-10,0,-3.4769,-3.4769,-11237,11131
180,550,1.5045e+07,-0.11779,-0.11779,11180,11180,-0.11779,-0.11779,11180,11180,-3.7637e-12,4.401e-12,7.5958e-13,5.3972e-11,0.11779,0.11779,-11180,11180,2.5013e+07,3.521,3.521,11223,11223,3.521,3.521,11223,11223,3.7903e-11,5.4975e-11,1.3819e-10,1.6461e-10,4.8069,4.8069,-11148,11223,1.5041e+07,-0.010933,-0.010933,11182,11182,-0.010933,-0.010933,11182,11182,0,0,0,4.4193e-11,0.010933,0.010933,-11182,11182,5.0933e+06,-4.8069,-4.8069,11148,11148,-4.8069,-4.8069,11148,11148,-6.5388e-11,-5.1506e-11,-1.6348e-10,0,-3.521,-3.521,-11223,11148
180,600,1.5052e+07,-0.12667,-0.12667,11180,11180,-0.12667,-0.12667,11180,11180,-3.7658e-12,4.4024e-12,7.6009e-13,5.4004e-11,0.12667,0.12667,-11180,11180,2.5015e+07,3.4909,3.4909,11214,11214,3.4909,3.4909,11214,11214,3.791e-11,5.5e-11,1.3829e-10,1.6474e-10,4.797,4.797,-11158,11214,1.505e+07,-0.01884,-0.01884,11180,11180,-0.01884,-0.01884,11180,11180,0,0,0,4.4212e-11,0.01884,0.01884,-11180,11180,5.0985e+06,-4.797,-4.797,11158,11158,-4.797,-4.797,11158,11158,-6.5408e-11,-5.1531e-11,-1.6361e-10,0,-3.4909,-3.4909,-11214,11158
180,650,1.5056e+07,-0.14862,-0.14862,11179,11179,-0.14862,-0.14862,11179,11179,-3.767e-12,4.4033e-12,7.6038e-13,5.4023e-11,0.14862,0.14862,-11179,11179,2.5017e+07,3.506,3.506,11210,11210,3.506,3.506,11210,11210,3.7914e-11,5.5014e-11,1.3835e-10,1.6481e-10,4.8041,4.8041,-11164,11210,1.5055e+07,-0.033967,-0.033967,11180,11180,-0.033967,-0.033967,11180,11180,0,0,0,4.4223e-11,0.033967,0.033967,-11180,11180,5.1016e+06,-4.8041,-4.8041,11164,11164,-4.8041,-4.8041,11164,11164,-6.5419e-11,-5.1546e-11,-1.6368e-10,0,-3.506,-3.506,-11210,11164
180,700,1.5059e+07,-0.11525,-0.11525,11179,11179,-0.11525,-0.11525,11179,11179,-3.7677e-12,4.4038e-12,7.6053e-13,5.4034e-11,0.11525,0.11525,-11179,11179,2.5018e+07,3.51,3.51,11207,11207,3.51,3.51,11207,11207,3.7916e-11,5.5022e-11,1.3839e-10,1.6486e-10,4.7845,4.7845,-11168,11207,1.5058e+07,-0.0001041,-0.0001041,11178,11178,-0.0001041,-0.0001041,11178,11178,0,0,0,4.4229e-11,0.0001041,0.0001041,-11178,11178,5.1034e+06,-4.7845,-4.7845,11168,11168,-4.7845,-4.7845,11168,11168,-6.5426e-11,-5.1554e-11,-1.6372e-10,0,-3.51,-3.51,-11207,11168
180,750,1.506e+07,-0.11623,-0.11623,11179,11179,-0.11623,-0.11623,11179,11179,-3.7682e-12,4.4041e-12,7.6068e-13,5.4042e-11,0.11623,0.11623,-11179,11179,2.5019e+07,3.5155,3.5155,11205,11205,3.5155,3.5155,11205,11205,3.7917e-11,5.5028e-11,1.3841e-10,1.6488e-10,4.7822,4.7822,-11170,11205,1.506e+07,-0.0033999,-0.0033999,11178,11178,-0.0033999,-0.0033999,11178,11178,0,0,0,4.4233e-11,0.0033999,0.0033999,-11178,11178,5.1045e+06,-4.7822,-4.7822,11170,11170,-4.7822,-4.7822,11170,11170,-6.5431e-11,-5.156e-11,-1.6375e-10,0,-3.5155,-3.5155,-11205,11170
180,800,1.5061e+07,-0.15303,-0.15303,11179,11179,-0.15303,-0.15303,11179,11179,-3.7684e-12,4.4042e-12,7.6073e-13,5.4045e-11,0.15303,0.15303,-11179,11179,2.5019e+07,3.4814,3.4814,11204,11204,3.4814,3.4814,11204,11204,3.7918e-11,5.503e-11,1.3842e-10,1.649e-10,4.7993,4.7993,-11171,11204,1.5061e+07,-0.040132,-0.040132,11177,11177,-0.040132,-0.040132,11177,11177,0,0,0,4.4235e-11,0.040132,0.040132,-11177,11177,5.1051e+06,-4.7993,-4.7993,11171,11171,-4.7993,-4.7993,11171,11171,-6.5433e-11,-5.1563e-11,-1.6376e-10,0,-3.4814,-3.4814,-11204,11171
180,850,1.5062e+07,-0.10654,-0.10654,11179,11179,-0.10654,-0.10654,11179,11179,-3.7686e-12,4.4043e-12,7.6073e-13,5.4048e-11,0.10654,0.10654,-11179,11179,2.5019e+07,3.5391,3.5391,11203,11203,3.5391,3.5391,11203,11203,3.7919e-11,5.5032e-11,1.3843e-10,1.6491e-10,4.7877,4.7877,-11172,11203,1.5061e+07,-0.0089211,-0.0089211,11177,11177,-0.0089211,-0.0089211,11177,11177,0,0,0,4.4237e-11,0.0089211,0.0089211,-11177,11177,5.1055e+06,-4.7877,-4.7877,11172,11172,-4.7877,-4.7877,11172,11172,-6.5434e-11,-5.1565e-11,-1.6377e-10,0,-3.5391,-3.5391,-11203,11172
180,900,1.5062e+07,-0.10782,-0.10782,11179,11179,-0.10782,-0.10782,11179,11179,-3.7686e-12,4.4044e-12,7.6074e-13,5.4049e-11,0.10782,0.10782,-11179,11179,2.5019e+07,3.5398,3.5398,11203,11203,3.5398,3.5398,11203,11203,3.7919e-11,5.5033e-11,1.3843e-10,1.6491e-10,4.7873,4.7873,-11172,11203,1.5062e+07,-0.0095465,-0.0095465,11177,11177,-0.0095465,-0.0095465,11177,11177,0,0,0,4.4237e-11,0.0095465,0.0095465,-11177,11177,5.1057e+06,-4.7873,-4.7873,11172,11172,-4.7873,-4.7873,11172,11172,-6.5435e-11,-5.1565e-11,-1.6378e-10,0,-3.5398,-3.5398,-11203,11172
180,950,1.5062e+07,-0.10955,-0.10955,11179,11179,-0.10955,-0.10955,11179,11179,-3.7687e-12,4.4044e-12,7.6076e-13,5.405e-11,0.10955,0.10955,-11179,11179,2.5019e+07,3.5404,3.5404,11203,11203,3.5404,3.5404,11203,11203,3.7919e-11,5.5034e-11,1.3844e-10,1.6492e-10,4.7866,4.7866,-11173,11203,1.5062e+07,-0.010188,-0.010188,11177,11177,-0.010188,-0.010188,11177,11177,0,0,0,4.4238e-11,0.010188,0.010188,-11177,11177,5.1058e+06,-4.7866,-4.7866,11173,11173,-4.7866,-4.7866,11173,11173,-6.5436e-11,-5.1566e-11,-1.6378e-10,0,-3.5404,-3.5404,-11203,11173
180,1000,1.5062e+07,-0.10955,-0.10955,11179,11179,-0.10955,-0.10955,11179,11179,-3.7687e-12,4.4044e-12,7.6076e-13,5.405e-11,0.10955,0.10955,-11179,11179,2.5019e+07,3.5404,3.5404,11203,11203,3.5404,3.5404,11203,11203,3.7919e-11,5.5034e-11,1.3844e-10,1.6492e-10,4.7866,4.7866,-11173,11203,1.5062e+07,-0.010188,-0.010188,11177,11177,-0.010188,-0.010188,11177,11177,0,0,0,4.4238e-11,0.010188,0.010188,-11177,11177,5.1059e+06,-4.7866,-4.7866,11173,11173,-4.7866,-4.7866,11173,11173,-6.5436e-11,-5.1566e-11,-1.6378e-10,0,-3.5404,-3.5404,-11203,11173
180,1050,1.5062e+07,-0.10955,-0.10955,11179,11179,-0.10955,-0.10955,11179,11179,-3.7687e-12,4.4044e-12,7.6076e-13,5.405e-11,0.10955,0.10955,-11179,11179,2.5019e+07,3.5404,3.5404,11203,11203,3.5404,3.5404,11203,11203,3.7919e-11,5.5034e-11,1.3844e-10,1.6492e-10,4.7866,4.7866,-11173,11203,1.5062e+07,-0.010188,-0.010188,11177,11177,-0.010188,-0.010188,11177,11177,0,0,0,4.4238e-11,0.010188,0.010188,-11177,11177,5.1059e+06,-4.7866,-4.7866,11173,11173,-4.7866,-4.7866,11173,11173,-6.5436e-11,-5.1566e-11,-1.6378e-10,0,-3.5404,-3.5404,-11203,11173
180,1100,1.5062e+07,-0.10955,-0.10955,11179,11179,-0.10955,-0.10955,11179,11179,-3.7687e-12,4.4044e-12,7.6076e-13,5.405e-11,0.10955,0.10955,-11179,11179,2.5019e+07,3.5404,3.5404,11203,11203,3.5404,3.5404,11203,11203,3.7919e-11,5.5034e-11,1.3844e-10,1.6492e-10,4.7866,4.7866,-11173,11203,1.5062e+07,-0.010188,-0.010188,11177,11177,-0.010188,-0.010188,11177,11177,0,0,0,4.4238e-11,0.010188,0.010188,-11177,11177,5.1059e+06,-4.7866,-4.7866,11173,11173,-4.7866,-4.7866,11173,11173,-6.5436e-11,-5.1566e-11,-1.6378e-10,0,-3.5404,-3.5404,-11203,11173
180,1150,1.5062e+07,-0.10955,-0.10955,11179,11179,-0.10955,-0.10955,11179,11179,-3.7687e-12,4.4044e-12,7.6076e-13,5.405e-11,0.10955,0.10955,-11179,11179,2.5019e+07,3.5404,3.5404,11203,11203,3.5404,3.5404,11203,11203,3.7919e-11,5.5034e-11,1.3844e-10,1.6492e-10,4.7866,4.7866,-11173,11203,1.5062e+07,-0.010188,-0.010188,11177,11177,-0.010188,-0.010188,11177,11177,0,0,0,4.4238e-11,0.010188,0.010188,-11177,11177,5.1059e+06,-4.7866,-4.7866,11173,11173,-4.7866,-4.7866,11173,11173,-6.5436e-11,-5.1566e-11,-1.6378e-10,0,-3.5404,-3.5404,-11203,11173
180,1200,1.5062e+07,-0.10955,-0.10955,11179,11179,-0.10955,-0.10955,11179,11179,-3.7687e-12,4.4044e-12,7.6076e-13,5.405e-11,0.10955,0.10955,-11179,11179,2.5019e+07,3.5404,3.5404,11203,11203,3.5404,3.5404,11203,11203,3.7919e-11,5.5034e-11,1.3844e-10,1.6492e-10,4.7866,4.7866,-11173,11203,1.5062e+07,-0.010188,-0.010188,11177,11177,-0.010188,-0.010188,11177,11177,0,0,0,4.4238e-11,0.010188,0.010188,-11177,11177,5.1059e+06,-4.7866,-4.7866,11173,11173,-4.7866,-4.7866,11173,11173,-6.5436e-11,-5.1566e-11,-1.6378e-10,0,-3.5404,-3.5404,-11203,11173
180,1250,1.5062e+07,-0.10955,-0.10955,11179,11179,-0.10955,-0.10955,11179,11179,-3.7687e-12,4.4044e-12,7.6076e-13,5.405e-11,0.10955,0.10955,-11179,11179,2.5019e+07,3.5404,3.5404,11203,11203,3.5404,3.5404,11203,11203,3.7919e-11,5.5034e-11,1.3844e-10,1.6492e-10,4.7866,4.7866,-11173,11203,1.5062e+07,-0.010188,-0.010188,11177,11177,-0.010188,-0.010188,11177,11177,0,0,0,4.4238e-11,0.010188,0.010188,-11177,11177,5.1059e+06,-4.7866,-4.7866,11173,11173,-4.7866,-4.7866,11173,11173,-6.5436e-11,-5.1566e-11,-1.6378e-10,0,-3.5404,-3.5404,-11203,11173
180,1300,1.5062e+07,-0.10955,-0.10955,11179,11179,-0.10955,-0.10955,11179,11179,-3.7687e-12,4.4044e-12,7.6076e-13,5.405e-11,0.10955,0.10955,-11179,11179,2.5019e+07,3.5404,3.5404,11203,11203,3.5404,3.5404,11203,11203,3.7919e-11,5.5034e-11,1.3844e-10,1.6492e-10,4.7866,4.7866,-11173,11203,1.5062e+07,-0.010188,-0.010188,11177,11177,-0.010188,-0.010188,11177,11177,0,0,0,4.4238e-11,0.010188,0.010188,-11177,11177,5.1059e+06,-4.7866,-4.7866,11173,11173,-4.7866,-4.7866,11173,11173,-6.5436e-11,-5.1566e-11,-1.6378e-10,0,-3.5404,-3.5404,-11203,11173
180,1350,1.5062e+07,-0.10955,-0.10955,11179,11179,-0.10955,-0.10955,11179,11179,-3.7687e-12,4.4044e-12,7.6076e-13,5.405e-11,0.10955,0.10955,-11179,11179,2.5019e+07,3.5404,3.5404,11203,11203,3.5404,3.5404,11203,11203,3.7919e-11,5.5034e-11,1.3844e-10,1.6492e-10,4.7866,4.7866,-11173,11203,1.5062e+07,-0.010188,-0.010188,11177,11177,-0.010188,-0.010188,11177,11177,0,0,0,4.4238e-11,0.010188,0.010188,-11177,11177,5.1059e+06,-4.7866,-4.7866,11173,11173,-4.7866,-4.7866,11173,11173,-6.5436e-11,-5.1566e-11,-1.6378e-10,0,-3.5404,-3.5404,-11203,11173
180,1400,1.5062e+07,-0.10955,-0.10955,11179,11179,-0.10955,-0.10955,11179,11179,-3.7687e-12,4.4044e-12,7.6076e-13,5.405e-11,0.10955,0.10955,-11179,11179,2.5019e+07,3.5404,3.5404,11203,11203,3.5404,3.5404,11203,11203,3.7919e-11,5.5034e-11,1.3844e-10,1.6492e-10,4.7866,4.7866,-11173,11203,1.5062e+07,-0.010188,-0.010188,11177,11177,-0.010188,-0.010188,11177,11177,0,0,0,4.4238e-11,0.010188,0.010188,-11177,11177,5.1059e+06,-4.7866,-4.7866,11173,11173,-4.7866,-4.7866,11173,11173,-6.5436e-11,-5.1566e-11,-1.6378e-10,0,-3.5404,-3.5404,-11203,11173
180,1450,1.5062e+07,-0.10955,-0.10955,11179,11179,-0.10955,-0.10955,11179,11179,-3.7687e-12,4.4044e-12,7.6076e-13,5.405e-11,0.10955,0.10955,-11179,11179,2.5019e+07,3.5404,3.5404,11203,11203,3.5404,3.5404,11203,11203,3.7919e-11,5.5034e-11,1.3844e-10,1.6492e-10,4.7866,4.7866,-11173,11203,1.5062e+07,-0.010188,-0.010188,11177,11177,-0.010188,-0.010188,11177,11177,0,0,0,4.4238e-11,0.010188,0.010188,-11177,11177,5.1059e+06,-4.7866,-4.7866,11173,11173,-4.7866,-4.7866,11173,11173,-6.5436e-11,-5.1566e-11,-1.6378e-10,0,-3.5404,-3.5404,-11203,11173
180,1500,1.5062e+07,-0.10955,-0.10955,11179,11179,-0.10955,-0.10955,11179,11179,-3.7687e-12,4.4044e-12,7.6076e-13,5.405e-11,0.10955,0.10955,-11179,11179,2.5019e+07,3.5404,3.5404,11203,11203,3.5404,3.5404,11203,11203,3.7919e-11,5.5034e-11,1.3844e-10,1.6492e-10,4.7866,4.7866,-11173,11203,1.5062e+07,-0.010188,-0.010188,11177,11177,-0.010188,-0.010188,11177,11177,0,0,0,4.4238e-11,0.010188,0.010188,-11177,11177,5.1059e+06,-4.7866,-4.7866,11173,11173,-4.7866,-4.7866,11173,11173,-6.5436e-11,-5.1566e-11,-1.6378e-10,0,-3.5404,-3.5404,-11203,11173
180,1550,1.5062e+07,-0.10955,-0.10955,11179,11179,-0.10955,-0.10955,11179,11179,-3.7687e-12,4.4044e-12,7.6076e-13,5.405e-11,0.10955,0.10955,-11179,11179,2.5019e+07,3.5404,3.5404,11203,11203,3.5404,3.5404,11203,11203,3.7919e-11,5.5034e-11,1.3844e-10,1.6492e-10,4.7866,4.7866,-11173,11203,1.5062e+07,-0.010188,-0.010188,11177,11177,-0.010188,-0.010188,11177,11177,0,0,0,4.4238e-11,0.010188,0.010188,-11177,11177,5.1059e+06,-4.7866,-4.7866,11173,11173,-4.7866,-4.7866,11173,11173,-6.5436e-11,-5.1566e-11,-1.6378e-10,0,-3.5404,-3.5404,-11203,11173
180,1600,1.5062e+07,-0.10955,-0.10955,11179,11179,-0.10955,-0.10955,11179,11179,-3.7687e-12,4.4044e-12,7.6076e-13,5.405e-11,0.10955,0.10955,-11179,11179,2.5019e+07,3.5404,3.5404,11203,11203,3.5404,3.5404,11203,11203,3.7919e-11,5.5034e-11,1.3844e-10,1.6492e-10,4.7866,4.7866,-11173,11203,1.5062e+07,-0.010188,-0.010188,11177,11177,-0.010188,-0.010188,11177,11177,0,0,0,4.4238e-11,0.010188,0.010188,-11177,11177,5.1059e+06,-4.7866,-4.7866,11173,11173,-4.7866,-4.7866,11173,11173,-6.5436e-11,-5.1566e-11,-1.6378e-10,0,-3.5404,-3.5404,-11203,11173
180,1650,1.5062e+07,-0.10955,-0.10955,11179,11179,-0.10955,-0.10955,11179,11179,-3.7687e-12,4.4044e-12,7.6076e-13,5.405e-11,0.10955,0.10955,-11179,11179,2.5019e+07,3.5404,3.5404,11203,11203,3.5404,3.5404,11203,11203,3.7919e-11,5.5034e-11,1.3844e-10,1.6492e-10,4.7866,4.7866,-11173,11203,1.5062e+07,-0.010188,-0.010188,11177,11177,-0.010188,-0.010188,11177,11177,0,0,0,4.4238e-11,0.010188,0.010188,-11177,11177,5.1059e+06,-4.7866,-4.7866,11173,11173,-4.7866,-4.7866,11173,11173,-6.5436e-11,-5.1566e-11,-1.6378e-10,0,-3.5404,-3.5404,-11203,11173
180,1700,1.5062e+07,-0.10955,-0.10955,11179,11179,-0.10955,-0.10955,11179,11179,-3.7687e-12,4.4044e-12,7.6076e-13,5.405e-11,0.10955,0.10955,-11179,11179,2.5019e+07,3.5404,3.5404,11203,11203,3.5404,3.5404,11203,11203,3.7919e-11,5.5034e-11,1.3844e-10,1.6492e-10,4.7866,4.7866,-11173,11203,1.5062e+07,-0.010188,-0.010188,11177,11177,-0.010188,-0.010188,11177,11177,0,0,0,4.4238e-11,0.010188,0.010188,-11177,11177,5.1059e+06,-4.7866,-4.7866,11173,11173,-4.7866,-4.7866,11173,11173,-6.5436e-11,-5.1566e-11,-1.6378e-10,0,-3.5404,-3.5404,-11203,11173
180,1750,1.5062e+07,-0.10955,-0.10955,11179,11179,-0.10955,-0.10955,11179,11179,-3.7687e-12,4.4044e-12,7.6076e-13,5.405e-11,0.10955,0.10955,-11179,11179,2.5019e+07,3.5404,3.5404,11203,11203,3.5404,3.5404,11203,11203,3.7919e-11,5.5034e-11,1.3844e-10,1.6492e-10,4.7866,4.7866,-11173,11203,1.5062e+07,-0.010188,-0.010188,11177,11177,-0.010188,-0.010188,11177,11177,0,0,0,4.4238e-11,0.010188,0.010188,-11177,11177,5.1059e+06,-4.7866,-4.7866,11173,11173,-4.7866,-4.7866,11173,11173,-6.5436e-11,-5.1566e-11,-1.6378e-10,0,-3.5404,-3.5404,-11203,11173
180,1800,1.5062e+07,-0.10955,-0.10955,11179,11179,-0.10955,-0.10955,11179,11179,-3.7687e-12,4.4044e-12,7.6076e-13,5.405e-11,0.10955,0.10955,-11179,11179,2.5019e+07,3.5404,3.5404,11203,11203,3.5404,3.5404,11203,11203,3.7919e-11,5.5034e-11,1.3844e-10,1.6492e-10,4.7866,4.7866,-11173,11203,1.5062e+07,-0.010188,-0.010188,11177,11177,-0.010188,-0.010188,11177,11177,0,0,0,4.4238e-11,0.010188,0.010188,-11177,11177,5.1059e+06,-4.7866,-4.7866,11173,11173,-4.7866,-4.7866,11173,11173,-6.5436e-11,-5.1566e-11,-1.6378e-10,0,-3.5404,-3.5404,-11203,11173
180,1850,1.5062e+07,-0.10955,-0.10955,11179,11179,-0.10955,-0.10955,11179,11179,-3.7687e-12,4.4044e-12,7.6076e-13,5.405e-11,0.10955,0.10955,-11179,11179,2.5019e+07,3.5404,3.5404,11203,11203,3.5404,3.5404,11203,11203,3.7919e-11,5.5034e-11,1.3844e-10,1.6492e-10,4.7866,4.7866,-11173,11203,1.5062e+07,-0.010188,-0.010188,11177,11177,-0.010188,-0.010188,11177,11177,0,0,0,4.4238e-11,0.010188,0.010188,-11177,11177,5.1059e+06,-4.7866,-4.7866,11173,11173,-4.7866,-4.7866,11173,11173,-6.5436e-11,-5.1566e-11,-1.6378e-10,0,-3.5404,-3.5404,-11203,11173
180,1900,1.5062e+07,-0.10955,-0.10955,11179,11179,-0.10955,-0.10955,11179,11179,-3.7687e-12,4.4044e-12,7.6076e-13,5.405e-11,0.10955,0.10955,-11179,11179,2.5019e+07,3.5404,3.5404,11203,11203,3.5404,3.5404,11203,11203,3.7919e-11,5.5034e-11,1.3844e-10,1.6492e-10,4.7866,4.7866,-11173,11203,1.5062e+07,-0.010188,-0.010188,11177,11177,-0.010188,-0.010188,11177,11177,0,0,0,4.4238e-11,0.010188,0.010188,-11177,11177,5.1059e+06,-4.7866,-4.7866,11173,11173,-4.7866,-4.7866,11173,11173,-6.5436e-11,-5.1566e-11,-1.6378e-10,0,-3.5404,-3.5404,-11203,11173
180,1950,1.5062e+07,-0.10955,-0.10955,11179,11179,-0.10955,-0.10955,11179,11179,-3.7687e-12,4.4044e-12,7.6076e-13,5.405e-11,0.10955,0.10955,-11179,11179,2.5019e+07,3.5404,3.5404,11203,11203,3.5404,3.5404,11203,11203,3.7919e-11,5.5034e-11,1.3844e-10,1.6492e-10,4.7866,4.7866,-11173,11203,1.5062e+07,-0.010188,-0.010188,11177,11177,-0.010188,-0.010188,11177,11177,0,0,0,4.4238e-11,0.010188,0.010188,-11177,11177,5.1059e+06,-4.7866,-4.7866,11173,11173,-4.7866,-4.7866,11173,11173,-6.5436e-11,-5.1566e-11,-1.6378e-10,0,-3.5404,-3.5404,-11203,11173
180,2000,1.5062e+07,-0.10955,-0.10955,11179,11179,-0.10955,-0.10955,11179,11179,-3.7687e-12,4.4044e-12,7.6076e-13,5.405e-11,0.10955,0.10955,-11179,11179,2.5019e+07,3.5404,3.5404,11203,11203,3.5404,3.5404,11203,11203,3.7919e-11,5.5034e-11,1.3844e-10,1.6492e-10,4.7866,4.7866,-11173,11203,1.5062e+07,-0.010188,-0.010188,11177,11177,-0.010188,-0.010188,11177,11177,0,0,0,4.4238e-11,0.010188,0.010188,-11177,11177,5.1059e+06,-4.7866,-4.7866,11173,11173,-4.7866,-4.7866,11173,11173,-6.5436e-11,-5.1566e-11,-1.6378e-10,0,-3.5404,-3.5404,-11203,11173
180,2050,1.5062e+07,-0.10955,-0.10955,11179,11179,-0.10955,-0.10955,11179,11179,-3.7687e-12,4.4044e-12,7.6076e-13,5.405e-11,0.10955,0.10955,-11179,11179,2.5019e+07,3.5404,3.5404,11203,11203,3.5404,3.5404,11203,11203,3.7919e-11,5.5034e-11,1.3844e-10,1.6492e-10,4.7866,4.7866,-11173,11203,1.5062e+07,-0.010188,-0.010188,11177,11177,-0.010188,-0.010188,11177,11177,0,0,0,4.4238e-11,0.010188,0.010188,-11177,11177,5.1059e+06,-4.7866,-4.7866,11173,11173,-4.7866,-4.7866,11173,11173,-6.5436e-11,-5.1566e-11,-1.6378e-10,0,-3.5404,-3.5404,-11203,11173
180,2100,1.5062e+07,-0.10955,-0.10955,11179,11179,-0.10955,-0.10955,11179,11179,-3.7687e-12,4.4044e-12,7.6076e-13,5.405e-11,0.10955,0.10955,-11179,11179,2.5019e+07,3.5404,3.5404,11203,11203,3.5404,3.5404,11203,11203,3.7919e-11,5.5034e-11,1.3844e-10,1.6492e-10,4.7866,4.7866,-11173,11203,1.5062e+07,-0.010188,-0.010188,11177,11177,-0.010188,-0.010188,11177,11177,0,0,0,4.4238e-11,0.010188,0.010188,-11177,11177,5.1059e+06,-4.7866,-4.7866,11173,11173,-4.7866,-4.7866,11173,11173,-6.5436e-11,-5.1566e-11,-1.6378e-10,0,-3.5404,-3.5404,-11203,11173
180,2150,1.5062e+07,-0.10955,-0.10955,11179,11179,-0.10955,-0.10955,11179,11179,-3.7687e-12,4.4044e-12,7.6076e-13,5.405e-11,0.10955,0.10955,-11179,11179,2.5019e+07,3.5404,3.5404,11203,11203,3.5404,3.5404,11203,11203,3.7919e-11,5.5034e-11,1.3844e-10,1.6492e-10,4.7866,4.7866,-11173,11203,1.5062e+07,-0.010188,-0.010188,11177,11177,-0.010188,-0.010188,11177,11177,0,0,0,4.4238e-11,0.010188,0.010188,-11177,11177,5.1059e+06,-4.7866,-4.7866,11173,11173,-4.7866,-4.7866,11173,11173,-6.5436e-11,-5.1566e-11,-1.6378e-10,0,-3.5404,-3.5404,-11203,11173
180,2200,1.5062e+07,-0.10955,-0.10955,11179,11179,-0.10955,-0.10955,11179,11179,-3.7687e-12,4.4044e-12,7.6076e-13,5.405e-11,0.10955,0.10955,-11179,11179,2.5019e+07,3.5404,3.5404,11203,11203,3.5404,3.5404,11203,11203,3.7919e-11,5.5034e-11,1.3844e-10,1.6492e-10,4.7866,4.7866,-11173,11203,1.5062e+07,-0.010188,-0.010188,11177,11177,-0.010188,-0.010188,11177,11177,0,0,0,4.4238e-11,0.010188,0.010188,-11177,11177,5.1059e+06,-4.7866,-4.7866,11173,11173,-4.7866,-4.7866,11173,11173,-6.5436e-11,-5.1566e-11,-1.6378e-10,0,-3.5404,-3.5404,-11203,11173
180,2250,1.5062e+07,-0.10955,-0.10955,11179,11179,-0.10955,-0.10955,11179,11179,-3.7687e-12,4.4044e-12,7.6076e-13,5.405e-11,0.10955,0.10955,-11179,11179,2.5019e+07,3.5404,3.5404,11203,11203,3.5404,3.5404,11203,11203,3.7919e-11,5.5034e-11,1.3844e-10,1.6492e-10,4.7866,4.7866,-11173,11203,1.5062e+07,-0.010188,-0.010188,11177,11177,-0.010188,-0.010188,11177,11177,0,0,0,4.4238e-11,0.010188,0.010188,-11177,11177,5.1059e+06,-4.7866,-4.7866,11173,11173,-4.7866,-4.7866,11173,11173,-6.5436e-11,-5.1566e-11,-1.6378e-10,0,-3.5404,-3.5404,-11203,11173
180,2300,1.5062e+07,-0.10955,-0.10955,11179,11179,-0.10955,-0.10955,11179,11179,-3.7687e-12,4.4044e-12,7.6076e-13,5.405e-11,0.10955,0.10955,-11179,11179,2.5019e+07,3.5404,3.5404,11203,11203,3.5404,3.5404,11203,11203,3.7919e-11,5.5034e-11,1.3844e-10,1.6492e-10,4.7866,4.7866,-11173,11203,1.5062e+07,-0.010188,-0.010188,11177,11177,-0.010188,-0.010188,11177,11177,0,0,0,4.4238e-11,0.010188,0.010188,-11177,11177,5.1059e+06,-4.7866,-4.7866,11173,11173,-4.7866,-4.7866,11173,11173,-6.5436e-11,-5.1566e-11,-1.6378e-10,0,-3.5404,-3.5404,-11203,11173
180,2350,1.5062e+07,-0.10955,-0.10955,11179,11179,-0.10955,-0.10955,11179,11179,-3.7687e-12,4.4044e-12,7.6076e-13,5.405e-11,0.10955,0.10955,-11179,11179,2.5019e+07,3.5404,3.5404,11203,11203,3.5404,3.5404,11203,11203,3.7919e-11,5.5034e-11,1.3844e-10,1.6492e-10,4.7866,4.7866,-11173,11203,1.5062e+07,-0.010188,-0.010188,11177,11177,-0.010188,-0.010188,11177,11177,0,0,0,4.4238e-11,0.010188,0.010188,-11177,11177,5.1059e+06,-4.7866,-4.7866,11173,11173,-4.7866,-4.7866,11173,11173,-6.5436e-11,-5.1566e-11,-1.6378e-10,0,-3.5404,-3.5404,-11203,11173
180,2400,1.5062e+07,-0.10955,-0.10955,11179,11179,-0.10955,-0.10955,11179,11179,-3.7687e-12,4.4044e-12,7.6076e-13,5.405e-11,0.10955,0.10955,-11179,11179,2.5019e+07,3.5404,3.5404,11203,11203,3.5404,3.5404,11203,11203,3.7919e-11,5.5034e-11,1.3844e-10,1.6492e-10,4.7866,4.7866,-11173,11203,1.5062e+07,-0.010188,-0.010188,11177,11177,-0.010188,-0.010188,11177,11177,0,0,0,4.4238e-11,0.010188,0.010188,-11177,11177,5.1059e+06,-4.7866,-4.7866,11173,11173,-4.7866,-4.7866,11173,11173,-6.5436e-11,-5.1566e-11,-1.6378e-10,0,-3.5404,-3.5404,-11203,11173
180,2450,1.5062e+07,-0.10955,-0.10955,11179,11179,-0.10955,-0.10955,11179,11179,-3.7687e-12,4.4044e-12,7.6076e-13,5.405e-11,0.10955,0.10955,-11179,11179,2.5019e+07,3.5404,3.5404,11203,11203,3.5404,3.5404,11203,11203,3.7919e-11,5.5034e-11,1.3844e-10,1.6492e-10,4.7866,4.7866,-11173,11203,1.5062e+07,-0.010188,-0.010188,11177,11177,-0.010188,-0.010188,11177,11177,0,0,0,4.4238e-11,0.010188,0.010188,-11177,11177,5.1059e+06,-4.7866,-4.7866,11173,11173,-4.7866,-4.7866,11173,11173,-6.5436e-11,-5.1566e-11,-1.6378e-10,0,-3.5404,-3.5404,-11203,11173
180,2500,1.5062e+07,-0.10955,-0.10955,11179,11179,-0.10955,-0.10955,11179,11179,-3.7687e-12,4.4044e-12,7.6076e-13,5.405e-11,0.10955,0.10955,-11179,11179,2.5019e+07,3.5404,3.5404,11203,11203,3.5404,3.5404,11203,11203,3.7919e-11,5.5034e-11,1.3844e-10,1.6492e-10,4.7866,4.7866,-11173,11203,1.5062e+07,-0.010188,-0.010188,11177,11177,-0.010188,-0.010188,11177,11177,0,0,0,4.4238e-11,0.010188,0.010188,-11177,11177,5.1059e+06,-4.7866,-4.7866,11173,11173,-4.7866,-4.7866,11173,11173,-6.5436e-11,-5.1566e-11,-1.6378e-10,0,-3.5404,-3.5404,-11203,11173
180,2550,1.5062e+07,-0.10955,-0.10955,11179,11179,-0.10955,-0.10955,11179,11179,-3.7687e-12,4.4044e-12,7.6076e-13,5.405e-11,0.10955,0.10955,-11179,11179,2.5019e+07,3.5404,3.5404,11203,11203,3.5404,3.5404,11203,11203,3.7919e-11,5.5034e-11,1.3844e-10,1.6492e-10,4.7866,4.7866,-11173,11203,1.5062e+07,-0.010188,-0.010188,11177,11177,-0.010188,-0.010188,11177,11177,0,0,0,4.4238e-11,0.010188,0.010188,-11177,11177,5.1059e+06,-4.7866,-4.7866,11173,11173,-4.7866,-4.7866,11173,11173,-6.5436e-11,-5.1566e-11,-1.6378e-10,0,-3.5404,-3.5404,-11203,11173
180,2600,1.5062e+07,-0.10955,-0.10955,11179,11179,-0.10955,-0.10955,11179,11179,-3.7687e-12,4.4044e-12,7.6076e-13,5.405e-11,0.10955,0.10955,-11179,11179,2.5019e+07,3.5404,3.5404,11203,11203,3.5404,3.5404,11203,11203,3.7919e-11,5.5034e-11,1.3844e-10,1.6492e-10,4.7866,4.7866,-11173,11203,1.5062e+07,-0.010188,-0.010188,11177,11177,-0.010188,-0.010188,11177,11177,0,0,0,4.4238e-11,0.010188,0.010188,-11177,11177,5.1059e+06,-4.7866,-4.7866,11173,11173,-4.7866,-4.7866,11173,11173,-6.5436e-11,-5.1566e-11,-1.6378e-10,0,-3.5404,-3.5404,-11203,11173
180,2650,1.5062e+07,-0.10955,-0.10955,11179,11179,-0.10955,-0.10955,11179,11179,-3.7687e-12,4.4044e-12,7.6076e-13,5.405e-11,0.10955,0.10955,-11179,11179,2.5019e+07,3.5404,3.5404,11203,11203,3.5404,3.5404,11203,11203,3.7919e-11,5.5034e-11,1.3844e-10,1.6492e-10,4.7866,4.7866,-11173,11203,1.5062e+07,-0.010188,-0.010188,11177,11177,-0.010188,-0.010188,11177,11177,0,0,0,4.4238e-11,0.010188,0.010188,-11177,11177,5.1059e+06,-4.7866,-4.7866,11173,11173,-4.7866,-4.7866,11173,11173,-6.5436e-11,-5.1566e-11,-1.6378e-10,0,-3.5404,-3.5404,-11203,11173
180,2700,1.5062e+07,-0.10955,-0.10955,11179,11179,-0.10955,-0.10955,11179,11179,-3.7687e-12,4.4044e-12,7.6076e-13,5.405e-11,0.10955,0.10955,-11179,11179,2.5019e+07,3.5404,3.5404,11203,11203,3.5404,3.5404,11203,11203,3.7919e-11,5.5034e-11,1.3844e-10,1.6492e-10,4.7866,4.7866,-11173,11203,1.5062e+07,-0.010188,-0.010188,11177,11177,-0.010188,-0.010188,11177,11177,0,0,0,4.4238e-11,0.010188,0.010188,-11177,11177,5.1059e+06,-4.7866,-4.7866,11173,11173,-4.7866,-4.7866,11173,11173,-6.5436e-11,-5.1566e-11,-1.6378e-10,0,-3.5404,-3.5404,-11203,11173
180,2750,1.5062e+07,-0.10955,-0.10955,11179,11179,-0.10955,-0.10955,11179,11179,-3.7687e-12,4.4044e-12,7.6076e-13,5.405e-11,0.10955,0.10955,-11179,11179,2.5019e+07,3.5404,3.5404,11203,11203,3.5404,3.5404,11203,11203,3.7919e-11,5.5034e-11,1.3844e-10,1.6492e-10,4.7866,4.7866,-11173,11203,1.5062e+07,-0.010188,-0.010188,11177,11177,-0.010188,-0.010188,11177,11177,0,0,0,4.4238e-11,0.010188,0.010188,-11177,11177,5.1059e+06,-4.7866,-4.7866,11173,11173,-4.7866,-4.7866,11173,11173,-6.5436e-11,-5.1566e-11,-1.6378e-10,0,-3.5404,-3.5404,-11203,11173
180,2800,1.5062e+07,-0.10955,-0.10955,11179,11179,-0.10955,-0.10955,11179,11179,-3.7687e-12,4.4044e-12,7.6076e-13,5.405e-11,0.10955,0.10955,-11179,11179,2.5019e+07,3.5404,3.5404,11203,11203,3.5404,3.5404,11203,11203,3.7919e-11,5.5034e-11,1.3844e-10,1.6492e-10,4.7866,4.7866,-11173,11203,1.5062e+07,-0.010188,-0.010188,11177,11177,-0.010188,-0.010188,11177,11177,0,0,0,4.4238e-11,0.010188,0.010188,-11177,11177,5.1059e+06,-4.7866,-4.7866,11173,11173,-4.7866,-4.7866,11173,11173,-6.5436e-11,-5.1566e-11,-1.6378e-10,0,-3.5404,-3.5404,-11203,11173
180,2850,1.5062e+07,-0.10955,-0.10955,11179,11179,-0.10955,-0.10955,11179,11179,-3.7687e-12,4.4044e-12,7.6076e-13,5.405e-11,0.10955,0.10955,-11179,11179,2.5019e+07,3.5404,3.5404,11203,11203,3.5404,3.5404,11203,11203,3.7919e-11,5.5034e-11,1.3844e-10,1.6492e-10,4.7866,4.7866,-11173,11203,1.5062e+07,-0.010188,-0.010188,11177,11177,-0.010188,-0.010188,11177,11177,0,0,0,4.4238e-11,0.010188,0.010188,-11177,11177,5.1059e+06,-4.7866,-4.7866,11173,11173,-4.7866,-4.7866,11173,11173,-6.5436e-11,-5.1566e-11,-1.6378e-10,0,-3.5404,-3.5404,-11203,11173
180,2900,1.5062e+07,-0.10955,-0.10955,11179,11179,-0.10955,-0.10955,11179,11179,-3.7687e-12,4.4044e-12,7.6076e-13,5.405e-11,0.10955,0.10955,-11179,11179,2.5019e+07,3.5404,3.5404,11203,11203,3.5404,3.5404,11203,11203,3.7919e-11,5.5034e-11,1.3844e-10,1.6492e-10,4.7866,4.7866,-11173,11203,1.5062e+07,-0.010188,-0.010188,11177,11177,-0.010188,-0.010188,11177,11177,0,0,0,4.4238e-11,0.010188,0.010188,-11177,11177,5.1059e+06,-4.7866,-4.7866,11173,11173,-4.7866,-4.7866,11173,11173,-6.5436e-11,-5.1566e-11,-1.6378e-10,0,-3.5404,-3.5404,-11203,11173
180,2950,1.5062e+07,-0.10955,-0.10955,11179,11179,-0.10955,-0.10955,11179,11179,-3.7687e-12,4.4044e-12,7.6076e-13,5.405e-11,0.10955,0.10955,-11179,11179,2.5019e+07,3.5404,3.5404,11203,11203,3.5404,3.5404,11203,11203,3.7919e-11,5.5034e-11,1.3844e-10,1.6492e-10,4.7866,4.7866,-11173,11203,1.5062e+07,-0.010188,-0.010188,11177,11177,-0.010188,-0.010188,11177,11177,0,0,0,4.4238e-11,0.010188,0.010188,-11177,11177,5.1059e+06,-4.7866,-4.7866,11173,11173,-4.7866,-4.7866,11173,11173,-6.5436e-11,-5.1566e-11,-1.6378e-10,0,-3.5404,-3.5404,-11203,11173
180,3000,1.5062e+07,-0.10955,-0.10955,11179,11179,-0.10955,-0.10955,11179,11179,-3.7687e-12,4.4044e-12,7.6076e-13,5.405e-11,0.10955,0.10955,-11179,11179,2.5019e+07,3.5404,3.5404,11203,11203,3.5404,3.5404,11203,11203,3.7919e-11,5.5034e-11,1.3844e-10,1.6492e-10,4.7866,4.7866,-11173,11203,1.5062e+07,-0.010188,-0.010188,11177,11177,-0.010188,-0.010188,11177,11177,0,0,0,4.4238e-11,0.010188,0.010188,-11177,11177,5.1059e+06,-4.7866,-4.7866,11173,11173,-4.7866,-4.7866,11173,11173,-6.5436e-11,-5.1566e-11,-1.6378e-10,0,-3.5404,-3.5404,-11203,11173
180,3050,1.5062e+07,-0.10955,-0.10955,11179,11179,-0.10955,-0.10955,11179,11179,-3.7687e-12,4.4044e-12,7.6076e-13,5.405e-11,0.10955,0.10955,-11179,11179,2.5019e+07,3.5404,3.5404,11203,11203,3.5404,3.5404,11203,11203,3.7919e-11,5.5034e-11,1.3844e-10,1.6492e-10,4.7866,4.7866,-11173,11203,1.5062e+07,-0.010188,-0.010188,11177,11177,-0.010188,-0.010188,11177,11177,0,0,0,4.4238e-11,0.010188,0.010188,-11177,11177,5.1059e+06,-4.7866,-4.7866,11173,11173,-4.7866,-4.7866,11173,11173,-6.5436e-11,-5.1566e-11,-1.6378e-10,0,-3.5404,-3.5404,-11203,11173
180,3100,1.5062e+07,-0.10955,-0.10955,11179,11179,-0.10955,-0.10955,11179,11179,-3.7687e-12,4.4044e-12,7.6076e-13,5.405e-11,0.10955,0.10955,-11179,11179,2.5019e+07,3.5404,3.5404,11203,11203,3.5404,3.5404,11203,11203,3.7919e-11,5.5034e-11,1.3844e-10,1.6492e-10,4.7866,4.7866,-11173,11203,1.5062e+07,-0.010188,-0.010188,11177,11177,-0.010188,-0.010188,11177,11177,0,0,0,4.4238e-11,0.010188,0.010188,-11177,11177,5.1059e+06,-4.7866,-4.7866,11173,11173,-4.7866,-4.7866,11173,11173,-6.5436e-11,-5.1566e-11,-1.6378e-10,0,-3.5404,-3.5404,-11203,11173
180,3150,1.5062e+07,-0.10955,-0.10955,11179,11179,-0.10955,-0.10955,11179,11179,-3.7687e-12,4.4044e-12,7.6076e-13,5.405e-11,0.10955,0.10955,-11179,11179,2.5019e+07,3.5404,3.5404,11203,11203,3.5404,3.5404,11203,11203,3.7919e-11,5.5034e-11,1.3844e-10,1.6492e-10,4.7866,4.7866,-11173,11203,1.5062e+07,-0.010188,-0.010188,11177,11177,-0.010188,-0.010188,11177,11177,0,0,0,4.4238e-11,0.010188,0.010188,-11177,11177,5.1059e+06,-4.7866,-4.7866,11173,11173,-4.7866,-4.7866,11173,11173,-6.5436e-11,-5.1566e-11,-1.6378e-10,0,-3.5404,-3.5404,-11203,11173
180,3200,1.5062e+07,-0.10955,-0.10955,11179,11179,-0.10955,-0.10955,11179,11179,-3.7687e-12,4.4044e-12,7.6076e-13,5.405e-11,0.10955,0.10955,-11179,11179,2.5019e+07,3.5404,3.5404,11203,11203,3.5404,3.5404,11203,11203,3.7919e-11,5.5034e-11,1.3844e-10,1.6492e-10,4.7866,4.7866,-11173,11203,1.5062e+07,-0.010188,-0.010188,11177,11177,-0.010188,-0.010188,11177,11177,0,0,0,4.4238e-11,0.010188,0.010188,-11177,11177,5.1059e+06,-4.7866,-4.7866,11173,11173,-4.7866,-4.7866,11173,11173,-6.5436e-11,-5.1566e-11,-1.6378e-10,0,-3.5404,-3.5404,-11203,11173
180,3250,1.5062e+07,-0.10955,-0.10955,11179,11179,-0.10955,-0.10955,11179,11179,-3.7687e-12,4.4044e-12,7.6076e-13,5.405e-11,0.10955,0.10955,-11179,11179,2.5019e+07,3.5404,3.5404,11203,11203,3.5404,3.5404,11203,11203,3.7919e-11,5.5034e-11,1.3844e-10,1.6492e-10,4.7866,4.7866,-11173,11203,1.5062e+07,-0.010188,-0.010188,11177,11177,-0.010188,-0.010188,11177,11177,0,0,0,4.4238e-11,0.010188,0.010188,-11177,11177,5.1059e+06,-4.7866,-4.7866,11173,11173,-4.7866,-4.7866,11173,11173,-6.5436e-11,-5.1566e-11,-1.6378e-10,0,-3.5404,-3.5404,-11203,11173
180,3300,1.5062e+07,-0.10955,-0.10955,11179,11179,-0.10955,-0.10955,11179,11179,-3.7687e-12,4.4044e-12,7.6076e-13,5.405e-11,0.10955,0.10955,-11179,11179,2.5019e+07,3.5404,3.5404,11203,11203,3.5404,3.5404,11203,11203,3.7919e-11,5.5034e-11,1.3844e-10,1.6492e-10,4.7866,4.7866,-11173,11203,1.5062e+07,-0.010188,-0.010188,11177,11177,-0.010188,-0.010188,11177,11177,0,0,0,4.4238e-11,0.010188,0.010188,-11177,11177,5.1059e+06,-4.7866,-4.7866,11173,11173,-4.7866,-4.7866,11173,11173,-6.5436e-11,-5.1566e-11,-1.6378e-10,0,-3.5404,-3.5404,-11203,11173
180,3350,1.5062e+07,-0.10955,-0.10955,11179,11179,-0.10955,-0.10955,11179,11179,-3.7687e-12,4.4044e-12,7.6076e-13,5.405e-11,0.10955,0.10955,-11179,11179,2.5019e+07,3.5404,3.5404,11203,11203,3.5404,3.5404,11203,11203,3.7919e-11,5.5034e-11,1.3844e-10,1.6492e-10,4.7866,4.7866,-11173,11203,1.5062e+07,-0.010188,-0.010188,11177,11177,-0.010188,-0.010188,11177,11177,0,0,0,4.4238e-11,0.010188,0.010188,-11177,11177,5.1059e+06,-4.7866,-4.7866,11173,11173,-4.7866,-4.7866,11173,11173,-6.5436e-11,-5.1566e-11,-1.6378e-10,0,-3.5404,-3.5404,-11203,11173
180,3400,1.5062e+07,-0.10955,-0.10955,11179,11179,-0.10955,-0.10955,11179,11179,-3.7687e-12,4.4044e-12,7.6076e-13,5.405e-11,0.10955,0.10955,-11179,11179,2.5019e+07,3.5404,3.5404,11203,11203,3.5404,3.5404,11203,11203,3.7919e-11,5.5034e-11,1.3844e-10,1.6492e-10,4.7866,4.7866,-11173,11203,1.5062e+07,-0.010188,-0.010188,11177,11177,-0.010188,-0.010188,11177,11177,0,0,0,4.4238e-11,0.010188,0.010188,-11177,11177,5.1059e+06,-4.7866,-4.7866,11173,11173,-4.7866,-4.7866,11173,11173,-6.5436e-11,-5.1566e-11,-1.6378e-10,0,-3.5404,-3.5404,-11203,11173
180,3450,1.5062e+07,-0.10955,-0.10955,11179,11179,-0.10955,-0.10955,11179,11179,-3.7687e-12,4.4044e-12,7.6076e-13,5.405e-11,0.10955,0.10955,-11179,11179,2.5019e+07,3.5404,3.5404,11203,11203,3.5404,3.5404,11203,11203,3.7919e-11,5.5034e-11,1.3844e-10,1.6492e-10,4.7866,4.7866,-11173,11203,1.5062e+07,-0.010188,-0.010188,11177,11177,-0.010188,-0.010188,11177,11177,0,0,0,4.4238e-11,0.010188,0.010188,-11177,11177,5.1059e+06,-4.7866,-4.7866,11173,11173,-4.7866,-4.7866,11173,11173,-6.5436e-11,-5.1566e-11,-1.6378e-10,0,-3.5404,-3.5404,-11203,11173
180,3500,1.5062e+07,-0.10955,-0.10955,11179,11179,-0.10955,-0.10955,11179,11179,-3.7687e-12,4.4044e-12,7.6076e-13,5.405e-11,0.10955,0.10955,-11179,11179,2.5019e+07,3.5404,3.5404,11203,11203,3.5404,3.5404,11203,11203,3.7919e-11,5.5034e-11,1.3844e-10,1.6492e-10,4.7866,4.7866,-11173,11203,1.5062e+07,-0.010188,-0.010188,11177,11177,-0.010188,-0.010188,11177,11177,0,0,0,4.4238e-11,0.010188,0.010188,-11177,11177,5.1059e+06,-4.7866,-4.7866,11173,11173,-4.7866,-4.7866,11173,11173,-6.5436e-11,-5.1566e-11,-1.6378e-10,0,-3.5404,-3.5404,-11203,11173
180,3550,1.5062e+07,-0.10955,-0.10955,11179,11179,-0.10955,-0.10955,11179,11179,-3.7687e-12,4.4044e-12,7.6076e-13,5.405e-11,0.10955,0.10955,-11179,11179,2.5019e+07,3.5404,3.5404,11203,11203,3.5404,3.5404,11203,11203,3.7919e-11,5.5034e-11,1.3844e-10,1.6492e-10,4.7866,4.7866,-11173,11203,1.5062e+07,-0.010188,-0.010188,11177,11177,-0.010188,-0.010188,11177,11177,0,0,0,4.4238e-11,0.010188,0.010188,-11177,11177,5.1059e+06,-4.7866,-4.7866,11173,11173,-4.7866,-4.7866,11173,11173,-6.5436e-11,-5.1566e-11,-1.6378e-10,0,-3.5404,-3.5404,-11203,11173
180,3600,1.5062e+07,-0.10955,-0.10955,11179,11179,-0.10955,-0.10955,11179,11179,-3.7687e-12,4.4044e-12,7.6076e-13,5.405e-11,0.10955,0.10955,-11179,11179,2.5019e+07,3.5404,3.5404,11203,11203,3.5404,3.5404,11203,11203,3.7919e-11,5.5034e-11,1.3844e-10,1.6492e-10,4.7866,4.7866,-11173,11203,1.5062e+07,-0.010188,-0.010188,11177,11177,-0.010188,-0.010188,11177,11177,0,0,0,4.4238e-11,0.010188,0.010188,-11177,11177,5.1059e+06,-4.7866,-4.7866,11173,11173,-4.7866,-4.7866,11173,11173,-6.5436e-11,-5.1566e-11,-1.6378e-10,0,-3.5404,-3.5404,-11203,11173
180,3650,1.5062e+07,-0.10955,-0.10955,11179,11179,-0.10955,-0.10955,11179,11179,-3.7687e-12,4.4044e-12,7.6076e-13,5.405e-11,0.10955,0.10955,-11179,11179,2.5019e+07,3.5404,3.5404,11203,11203,3.5404,3.5404,11203,11203,3.7919e-11,5.5034e-11,1.3844e-10,1.6492e-10,4.7866,4.7866,-11173,11203,1.5062e+07,-0.010188,-0.010188,11177,11177,-0.010188,-0.010188,11177,11177,0,0,0,4.4238e-11,0.010188,0.010188,-11177,11177,5.1059e+06,-4.7866,-4.7866,11173,11173,-4.7866,-4.7866,11173,11173,-6.5436e-11,-5.1566e-11,-1.6378e-10,0,-3.5404,-3.5404,-11203,11173
180,3700,1.5062e+07,-0.10955,-0.10955,11179,11179,-0.10955,-0.10955,11179,11179,-3.7687e-12,4.4044e-12,7.6076e-13,5.405e-11,0.10955,0.10955,-11179,11179,2.5019e+07,3.5404,3.5404,11203,11203,3.5404,3.5404,11203,11203,3.7919e-11,5.5034e-11,1.3844e-10,1.6492e-10,4.7866,4.7866,-11173,11203,1.5062e+07,-0.010188,-0.010188,11177,11177,-0.010188,-0.010188,11177,11177,0,0,0,4.4238e-11,0.010188,0.010188,-11177,11177,5.1059e+06,-4.7866,-4.7866,11173,11173,-4.7866,-4.7866,11173,11173,-6.5436e-11,-5.1566e-11,-1.6378e-10,0,-3.5404,-3.5404,-11203,11173
180,3750,1.5062e+07,-0.10955,-0.10955,11179,11179,-0.10955,-0.10955,11179,11179,-3.7687e-12,4.4044e-12,7.6076e-13,5.405e-11,0.10955,0.10955,-11179,11179,2.5019e+07,3.5404,3.5404,11203,11203,3.5404,3.5404,11203,11203,3.7919e-11,5.5034e-11,1.3844e-10,1.6492e-10,4.7866,4.7866,-11173,11203,1.5062e+07,-0.010188,-0.010188,11177,11177,-0.010188,-0.010188,11177,11177,0,0,0,4.4238e-11,0.010188,0.010188,-11177,11177,5.1059e+06,-4.7866,-4.7866,11173,11173,-4.7866,-4.7866,11173,11173,-6.5436e-11,-5.1566e-11,-1.6378e-10,0,-3.5404,-3.5404,-11203,11173
180,3800,1.5062e+07,-0.10955,-0.10955,11179,11179,-0.10955,-0.10955,11179,11179,-3.7687e-12,4.4044e-12,7.6076e-13,5.405e-11,0.10955,0.10955,-11179,11179,2.5019e+07,3.5404,3.5404,11203,11203,3.5404,3.5404,11203,11203,3.7919e-11,5.5034e-11,1.3844e-10,1.6492e-10,4.7866,4.7866,-11173,11203,1.5062e+07,-0.010188,-0.010188,11177,11177,-0.010188,-0.010188,11177,11177,0,0,0,4.4238e-11,0.010188,0.010188,-11177,11177,5.1059e+06,-4.7866,-4.7866,11173,11173,-4.7866,-4.7866,11173,11173,-6.5436e-11,-5.1566e-11,-1.6378e-10,0,-3.5404,-3.5404,-11203,11173
180,3850,1.5062e+07,-0.10955,-0.10955,11179,11179,-0.10955,-0.10955,11179,11179,-3.7687e-12,4.4044e-12,7.6076e-13,5.405e-11,0.10955,0.10955,-11179,11179,2.5019e+07,3.5404,3.5404,11203,11203,3.5404,3.5404,11203,11203,3.7919e-11,5.5034e-11,1.3844e-10,1.6492e-10,4.7866,4.7866,-11173,11203,1.5062e+07,-0.010188,-0.010188,11177,11177,-0.010188,-0.010188,11177,11177,0,0,0,4.4238e-11,0.010188,0.010188,-11177,11177,5.1059e+06,-4.7866,-4.7866,11173,11173,-4.7866,-4.7866,11173,11173,-6.5436e-11,-5.1566e-11,-1.6378e-10,0,-3.5404,-3.5404,-11203,11173
180,3900,1.5062e+07,-0.10955,-0.10955,11179,11179,-0.10955,-0.10955,11179,11179,-3.7687e-12,4.4044e-12,7.6076e-13,5.405e-11,0.10955,0.10955,-11179,11179,2.5019e+07,3.5404,3.5404,11203,11203,3.5404,3.5404,11203,11203,3.7919e-11,5.5034e-11,1.3844e-10,1.6492e-10,4.7866,4.7866,-11173,11203,1.5062e+07,-0.010188,-0.010188,11177,11177,-0.010188,-0.010188,11177,11177,0,0,0,4.4238e-11,0.010188,0.010188,-11177,11177,5.1059e+06,-4.7866,-4.7866,11173,11173,-4.7866,-4.7866,11173,11173,-6.5436e-11,-5.1566e-11,-1.6378e-10,0,-3.5404,-3.5404,-11203,11173
180,3950,1.5062e+07,-0.10955,-0.10955,11179,11179,-0.10955,-0.10955,11179,11179,-3.7687e-12,4.4044e-12,7.6076e-13,5.405e-11,0.10955,0.10955,-11179,11179,2.5019e+07,3.5404,3.5404,11203,11203,3.5404,3.5404,11203,11203,3.7919e-11,5.5034e-11,1.3844e-10,1.6492e-10,4.7866,4.7866,-11173,11203,1.5062e+07,-0.010188,-0.010188,11177,11177,-0.010188,-0.010188,11177,11177,0,0,0,4.4238e-11,0.010188,0.010188,-11177,11177,5.1059e+06,-4.7866,-4.7866,11173,11173,-4.7866,-4.7866,11173,11173,-6.5436e-11,-5.1566e-11,-1.6378e-10,0,-3.5404,-3.5404,-11203,11173
180,4000,1.5062e+07,-0.10955,-0.10955,11179,11179,-0.10955,-0.10955,11179,11179,-3.7687e-12,4.4044e-12,7.6076e-13,5.405e-11,0.10955,0.10955,-11179,11179,2.5019e+07,3.5404,3.5404,11203,11203,3.5404,3.5404,11203,11203,3.7919e-11,5.5034e-11,1.3844e-10,1.6492e-10,4.7866,4.7866,-11173,11203,1.5062e+07,-0.010188,-0.010188,11177,11177,-0.010188,-0.010188,11177,11177,0,0,0,4.4238e-11,0.010188,0.010188,-11177,11177,5.1059e+06,-4.7866,-4.7866,11173,11173,-4.7866,-4.7866,11173,11173,-6.5436e-11,-5.1566e-11,-1.6378e-10,0,-3.5404,-3.5404,-11203,11173
180,4050,1.5062e+07,-0.10955,-0.10955,11179,11179,-0.10955,-0.10955,11179,11179,-3.7687e-12,4.4044e-12,7.6076e-13,5.405e-11,0.10955,0.10955,-11179,11179,2.5019e+07,3.5404,3.5404,11203,11203,3.5404,3.5404,11203,11203,3.7919e-11,5.5034e-11,1.3844e-10,1.6492e-10,4.7866,4.7866,-11173,11203,1.5062e+07,-0.010188,-0.010188,11177,11177,-0.010188,-0.010188,11177,11177,0,0,0,4.4238e-11,0.010188,0.010188,-11177,11177,5.1059e+06,-4.7866,-4.7866,11173,11173,-4.7866,-4.7866,11173,11173,-6.5436e-11,-5.1566e-11,-1.6378e-10,0,-3.5404,-3.5404,-11203,11173
180,4100,1.5062e+07,-0.10955,-0.10955,11179,11179,-0.10955,-0.10955,11179,11179,-3.7687e-12,4.4044e-12,7.6076e-13,5.405e-11,0.10955,0.10955,-11179,11179,2.5019e+07,3.5404,3.5404,11203,11203,3.5404,3.5404,11203,11203,3.7919e-11,5.5034e-11,1.3844e-10,1.6492e-10,4.7866,4.7866,-11173,11203,1.5062e+07,-0.010188,-0.010188,11177,11177,-0.010188,-0.010188,11177,11177,0,0,0,4.4238e-11,0.010188,0.010188,-11177,11177,5.1059e+06,-4.7866,-4.7866,11173,11173,-4.7866,-4.7866,11173,11173,-6.5436e-11,-5.1566e-11,-1.6378e-10,0,-3.5404,-3.5404,-11203,11173
180,4150,1.5062e+07,-0.10955,-0.10955,11179,11179,-0.10955,-0.10955,11179,11179,-3.7687e-12,4.4044e-12,7.6076e-13,5.405e-11,0.10955,0.10955,-11179,11179,2.5019e+07,3.5404,3.5404,11203,11203,3.5404,3.5404,11203,11203,3.7919e-11,5.5034e-11,1.3844e-10,1.6492e-10,4.7866,4.7866,-11173,11203,1.5062e+07,-0.010188,-0.010188,11177,11177,-0.010188,-0.010188,11177,11177,0,0,0,4.4238e-11,0.010188,0.010188,-11177,11177,5.1059e+06,-4.7866,-4.7866,11173,11173,-4.7866,-4.7866,11173,11173,-6.5436e-11,-5.1566e-11,-1.6378e-10,0,-3.5404,-3.5404,-11203,11173
180,4200,1.5062e+07,-0.10955,-0.10955,11179,11179,-0.10955,-0.10955,11179,11179,-3.7687e-12,4.4044e-12,7.6076e-13,5.405e-11,0.10955,0.10955,-11179,11179,2.5019e+07,3.5404,3.5404,11203,11203,3.5404,3.5404,11203,11203,3.7919e-11,5.5034e-11,1.3844e-10,1.6492e-10,4.7866,4.7866,-11173,11203,1.5062e+07,-0.010188,-0.010188,11177,11177,-0.010188,-0.010188,11177,11177,0,0,0,4.4238e-11,0.010188,0.010188,-11177,11177,5.1059e+06,-4.7866,-4.7866,11173,11173,-4.7866,-4.7866,11173,11173,-6.5436e-11,-5.1566e-11,-1.6378e-10,0,-3.5404,-3.5404,-11203,11173
180,4250,1.5062e+07,-0.10955,-0.10955,11179,11179,-0.10955,-0.10955,11179,11179,-3.7687e-12,4.4044e-12,7.6076e-13,5.405e-11,0.10955,0.10955,-11179,11179,2.5019e+07,3.5404,3.5404,11203,11203,3.5404,3.5404,11203,11203,3.7919e-11,5.5034e-11,1.3844e-10,1.6492e-10,4.7866,4.7866,-11173,11203,1.5062e+07,-0.010188,-0.010188,11177,11177,-0.010188,-0.010188,11177,11177,0,0,0,4.4238e-11,0.010188,0.010188,-11177,11177,5.1059e+06,-4.7866,-4.7866,11173,11173,-4.7866,-4.7866,11173,11173,-6.5436e-11,-5.1566e-11,-1.6378e-10,0,-3.5404,-3.5404,-11203,11173
180,4300,1.5062e+07,-0.10955,-0.10955,11179,11179,-0.10955,-0.10955,11179,11179,-3.7687e-12,4.4044e-12,7.6076e-13,5.405e-11,0.10955,0.10955,-11179,11179,2.5019e+07,3.5404,3.5404,11203,11203,3.5404,3.5404,11203,11203,3.7919e-11,5.5034e-11,1.3844e-10,1.6492e-10,4.7866,4.7866,-11173,11203,1.5062e+07,-0.010188,-0.010188,11177,11177,-0.010188,-0.010188,11177,11177,0,0,0,4.4238e-11,0.010188,0.010188,-11177,11177,5.1059e+06,-4.7866,-4.7866,11173,11173,-4.7866,-4.7866,11173,11173,-6.5436e-11,-5.1566e-11,-1.6378e-10,0,-3.5404,-3.5404,-11203,11173
180,4350,1.5062e+07,-0.10955,-0.10955,11179,11179,-0.10955,-0.10955,11179,11179,-3.7687e-12,4.4044e-12,7.6076e-13,5.405e-11,0.10955,0.10955,-11179,11179,2.5019e+07,3.5404,3.5404,11203,11203,3.5404,3.5404,11203,11203,3.7919e-11,5.5034e-11,1.3844e-10,1.6492e-10,4.7866,4.7866,-11173,11203,1.5062e+07,-0.010188,-0.010188,11177,11177,-0.010188,-0.010188,11177,11177,0,0,0,4.4238e-11,0.010188,0.010188,-11177,11177,5.1059e+06,-4.7866,-4.7866,11173,11173,-4.7866,-4.7866,11173,11173,-6.5436e-11,-5.1566e-11,-1.6378e-10,0,-3.5404,-3.5404,-11203,11173
180,4400,1.5062e+07,-0.10955,-0.10955,11179,11179,-0.10955,-0.10955,11179,11179,-3.7687e-12,4.4044e-12,7.6076e-13,5.405e-11,0.10955,0.10955,-11179,11179,2.5019e+07,3.5404,3.5404,11203,11203,3.5404,3.5404,11203,11203,3.7919e-11,5.5034e-11,1.3844e-10,1.6492e-10,4.7866,4.7866,-11173,11203,1.5062e+07,-0.010188,-0.010188,11177,11177,-0.010188,-0.010188,11177,11177,0,0,0,4.4238e-11,0.010188,0.010188,-11177,11177,5.1059e+06,-4.7866,-4.7866,11173,11173,-4.7866,-4.7866,11173,11173,-6.5436e-11,-5.1566e-11,-1.6378e-10,0,-3.5404,-3.5404,-11203,11173
180,4450,1.5062e+07,-0.10955,-0.10955,11179,11179,-0.10955,-0.10955,11179,11179,-3.7687e-12,4.4044e-12,7.6076e-13,5.405e-11,0.10955,0.10955,-11179,11179,2.5019e+07,3.5404,3.5404,11203,11203,3.5404,3.5404,11203,11203,3.7919e-11,5.5034e-11,1.3844e-10,1.6492e-10,4.7866,4.7866,-11173,11203,1.5062e+07,-0.010188,-0.010188,11177,11177,-0.010188,-0.010188,11177,11177,0,0,0,4.4238e-11,0.010188,0.010188,-11177,11177,5.1059e+06,-4.7866,-4.7866,11173,11173,-4.7866,-4.7866,11173,11173,-6.5436e-11,-5.1566e-11,-1.6378e-10,0,-3.5404,-3.5404,-11203,11173
180,4500,1.5062e+07,-0.10955,-0.10955,11179,11179,-0.10955,-0.10955,11179,11179,-3.7687e-12,4.4044e-12,7.6076e-13,5.405e-11,0.10955,0.10955,-11179,11179,2.5019e+07,3.5404,3.5404,11203,11203,3.5404,3.5404,11203,11203,3.7919e-11,5.5034e-11,1.3844e-10,1.6492e-10,4.7866,4.7866,-11173,11203,1.5062e+07,-0.010188,-0.010188,11177,11177,-0.010188,-0.010188,11177,11177,0,0,0,4.4238e-11,0.010188,0.010188,-11177,11177,5.1059e+06,-4.7866,-4.7866,11173,11173,-4.7866,-4.7866,11173,11173,-6.5436e-11,-5.1566e-11,-1.6378e-10,0,-3.5404,-3.5404,-11203,11173
180,4550,1.5062e+07,-0.10955,-0.10955,11179,11179,-0.10955,-0.10955,11179,11179,-3.7687e-12,4.4044e-12,7.6076e-13,5.405e-11,0.10955,0.10955,-11179,11179,2.5019e+07,3.5404,3.5404,11203,11203,3.5404,3.5404,11203,11203,3.7919e-11,5.5034e-11,1.3844e-10,1.6492e-10,4.7866,4.7866,-11173,11203,1.5062e+07,-0.010188,-0.010188,11177,11177,-0.010188,-0.010188,11177,11177,0,0,0,4.4238e-11,0.010188,0.010188,-11177,11177,5.1059e+06,-4.7866,-4.7866,11173,11173,-4.7866,-4.7866,11173,11173,-6.5436e-11,-5.1566e-11,-1.6378e-10,0,-3.5404,-3.5404,-11203,11173
180,4600,1.5062e+07,-0.10955,-0.10955,11179,11179,-0.10955,-0.10955,11179,11179,-3.7687e-12,4.4044e-12,7.6076e-13,5.405e-11,0.10955,0.10955,-11179,11179,2.5019e+07,3.5404,3.5404,11203,11203,3.5404,3.5404,11203,11203,3.7919e-11,5.5034e-11,1.3844e-10,1.6492e-10,4.7866,4.7866,-11173,11203,1.5062e+07,-0.010188,-0.010188,11177,11177,-0.010188,-0.010188,11177,11177,0,0,0,4.4238e-11,0.010188,0.010188,-11177,11177,5.1059e+06,-4.7866,-4.7866,11173,11173,-4.7866,-4.7866,11173,11173,-6.5436e-11,-5.1566e-11,-1.6378e-10,0,-3.5404,-3.5404,-11203,11173
180,4650,1.5062e+07,-0.10955,-0.10955,11179,11179,-0.10955,-0.10955,11179,11179,-3.7687e-12,4.4044e-12,7.6076e-13,5.405e-11,0.10955,0.10955,-11179,11179,2.5019e+07,3.5404,3.5404,11203,11203,3.5404,3.5404,11203,11203,3.7919e-11,5.5034e-11,1.3844e-10,1.6492e-10,4.7866,4.7866,-11173,11203,1.5062e+07,-0.010188,-0.010188,11177,11177,-0.010188,-0.010188,11177,11177,0,0,0,4.4238e-11,0.010188,0.010188,-11177,11177,5.1059e+06,-4.7866,-4.7866,11173,11173,-4.7866,-4.7866,11173,11173,-6.5436e-11,-5.1566e-11,-1.6378e-10,0,-3.5404,-3.5404,-11203,11173
180,4700,1.5062e+07,-0.10955,-0.10955,11179,11179,-0.10955,-0.10955,11179,11179,-3.7687e-12,4.4044e-12,7.6076e-13,5.405e-11,0.10955,0.10955,-11179,11179,2.5019e+07,3.5404,3.5404,11203,11203,3.5404,3.5404,11203,11203,3.7919e-11,5.5034e-11,1.3844e-10,1.6492e-10,4.7866,4.7866,-11173,11203,1.5062e+07,-0.010188,-0.010188,11177,11177,-0.010188,-0.010188,11177,11177,0,0,0,4.4238e-11,0.010188,0.010188,-11177,11177,5.1059e+06,-4.7866,-4.7866,11173,11173,-4.7866,-4.7866,11173,11173,-6.5436e-11,-5.1566e-11,-1.6378e-10,0,-3.5404,-3.5404,-11203,11173
180,4750,1.5062e+07,-0.10955,-0.10955,11179,11179,-0.10955,-0.10955,11179,11179,-3.7687e-12,4.4044e-12,7.6076e-13,5.405e-11,0.10955,0.10955,-11179,11179,2.5019e+07,3.5404,3.5404,11203,11203,3.5404,3.5404,11203,11203,3.7919e-11,5.5034e-11,1.3844e-10,1.6492e-10,4.7866,4.7866,-11173,11203,1.5062e+07,-0.010188,-0.010188,11177,11177,-0.010188,-0.010188,11177,11177,0,0,0,4.4238e-11,0.010188,0.010188,-11177,11177,5.1059e+06,-4.7866,-4.7866,11173,11173,-4.7866,-4.7866,11173,11173,-6.5436e-11,-5.1566e-11,-1.6378e-10,0,-3.5404,-3.5404,-11203,11173
180,4800,1.5062e+07,-0.10955,-0.10955,11179,11179,-0.10955,-0.10955,11179,11179,-3.7687e-12,4.4044e-12,7.6076e-13,5.405e-11,0.10955,0.10955,-11179,11179,2.5019e+07,3.5404,3.5404,11203,11203,3.5404,3.5404,11203,11203,3.7919e-11,5.5034e-11,1.3844e-10,1.6492e-10,4.7866,4.7866,-11173,11203,1.5062e+07,-0.010188,-0.010188,11177,11177,-0.010188,-0.010188,11177,11177,0,0,0,4.4238e-11,0.010188,0.010188,-11177,11177,5.1059e+06,-4.7866,-4.7866,11173,11173,-4.7866,-4.7866,11173,11173,-6.5436e-11,-5.1566e-11,-1.6378e-10,0,-3.5404,-3.5404,-11203,11173
180,4850,1.5062e+07,-0.10955,-0.10955,11179,11179,-0.10955,-0.10955,11179,11179,-3.7687e-12,4.4044e-12,7.6076e-13,5.405e-11,0.10955,0.10955,-11179,11179,2.5019e+07,3.5404,3.5404,11203,11203,3.5404,3.5404,11203,11203,3.7919e-11,5.5034e-11,1.3844e-10,1.6492e-10,4.7866,4.7866,-11173,11203,1.5062e+07,-0.010188,-0.010188,11177,11177,-0.010188,-0.010188,11177,11177,0,0,0,4.4238e-11,0.010188,0.010188,-11177,11177,5.1059e+06,-4.7866,-4.7866,11173,11173,-4.7866,-4.7866,11173,11173,-6.5436e-11,-5.1566e-11,-1.6378e-10,0,-3.5404,-3.5404,-11203,11173
180,4900,1.5062e+07,-0.10955,-0.10955,11179,11179,-0.10955,-0.10955,11179,11179,-3.7687e-12,4.4044e-12,7.6076e-13,5.405e-11,0.10955,0.10955,-11179,11179,2.5019e+07,3.5404,3.5404,11203,11203,3.5404,3.5404,11203,11203,3.7919e-11,5.5034e-11,1.3844e-10,1.6492e-10,4.7866,4.7866,-11173,11203,1.5062e+07,-0.010188,-0.010188,11177,11177,-0.010188,-0.010188,11177,11177,0,0,0,4.4238e-11,0.010188,0.010188,-11177,11177,5.1059e+06,-4.7866,-4.7866,11173,11173,-4.7866,-4.7866,11173,11173,-6.5436e-11,-5.1566e-11,-1.6378e-10,0,-3.5404,-3.5404,-11203,11173
180,4950,1.5062e+07,-0.10955,-0.10955,11179,11179,-0.10955,-0.10955,11179,11179,-3.7687e-12,4.4044e-12,7.6076e-13,5.405e-11,0.10955,0.10955,-11179,11179,2.5019e+07,3.5404,3.5404,11203,11203,3.5404,3.5404,11203,11203,3.7919e-11,5.5034e-11,1.3844e-10,1.6492e-10,4.7866,4.7866,-11173,11203,1.5062e+07,-0.010188,-0.010188,11177,11177,-0.010188,-0.010188,11177,11177,0,0,0,4.4238e-11,0.010188,0.010188,-11177,11177,5.1059e+06,-4.7866,-4.7866,11173,11173,-4.7866,-4.7866,11173,11173,-6.5436e-11,-5.1566e-11,-1.6378e-10,0,-3.5404,-3.5404,-11203,11173
180,5000,1.5062e+07,-0.10955,-0.10955,11179,11179,-0.10955,-0.10955,11179,11179,-3.7687e-12,4.4044e-12,7.6076e-13,5.405e-11,0.10955,0.10955,-11179,11179,2.5019e+07,3.5404,3.5404,11203,11203,3.5404,3.5404,11203,11203,3.7919e-11,5.5034e-11,1.3844e-10,1.6492e-10,4.7866,4.7866,-11173,11203,1.5062e+07,-0.010188,-0.010188,11177,11177,-0.010188,-0.010188,11177,11177,0,0,0,4.4238e-11,0.010188,0.010188,-11177,11177,5.1059e+06,-4.7866,-4.7866,11173,11173,-4.7866,-4.7866,11173,11173,-6.5436e-11,-5.1566e-11,-1.6378e-10,0,-3.5404,-3.5404,-11203,11173
