"N","Time","avg(radHeatFlux (0))","avg(radHeatFlux (1))","avg(radHeatFlux (2))","avg(radHeatFlux (Magnitude))","max(radHeatFlux (0))","max(radHeatFlux (1))","max(radHeatFlux (2))","max(radHeatFlux (Magnitude))","med(radHeatFlux (0))","med(radHeatFlux (1))","med(radHeatFlux (2))","med(radHeatFlux (Magnitude))","min(radHeatFlux (0))","min(radHeatFlux (1))","min(radHeatFlux (2))","min(radHeatFlux (Magnitude))","q1(radHeatFlux (0))","q1(radHeatFlux (1))","q1(radHeatFlux (2))","q1(radHeatFlux (Magnitude))","q3(radHeatFlux (0))","q3(radHeatFlux (1))","q3(radHeatFlux (2))","q3(radHeatFlux (Magnitude))","std(radHeatFlux (0))","std(radHeatFlux (1))","std(radHeatFlux (2))","std(radHeatFlux (Magnitude))","vtkValidPointMask"
180,50,51.098,-8.2338,2853.8,3188,2115.8,1396.4,39774,39790,0.3439,0.30618,5.8664,112.99,-985.62,-3916.2,-2602.4,0.19612,-1.6119,-0.33634,-17.594,9.78,13.66,18.952,872.16,1643.5,313.74,386.68,7277.1,7153.7,1
180,100,55.766,-27.949,3161.4,3507.2,1629.6,708.92,31633,31653,1.2291,0.40934,19.882,294.29,-1269.3,-2638.3,-2530.1,0.91148,-0.60911,-2.8984,-27.972,23.599,39.349,15.445,2450.5,2524.2,276.97,316.86,6652.9,6490.2,1
180,150,70.239,-31.877,3304.1,3662.5,1250.6,811.12,26280,26298,2.3437,0.39655,52.556,438.74,-1148,-2185,-2440.5,0.48924,-0.5807,-13.916,-40.649,45.9,73.16,17.658,5018.2,5037.2,254.4,292.16,6103.6,5907.6,1
180,200,66.515,-29.868,3380.1,3747.9,1069.8,724.96,22946,22962,2.8885,0.66878,117.93,685.14,-1054.8,-1885.9,-2337.9,1.0328,-1.938,-22.981,-55.449,74.971,92.461,15.669,6582.5,6591,236.94,272.47,5674.6,5449.7,1
180,250,52.795,-31.804,3429.4,3804.1,938.93,769.15,20602,20616,2.9092,1.0103,235.56,954.98,-989.33,-1695.6,-2229.1,3.0225,-6.9316,-34.179,-71.987,111.54,60.525,18.412,7051.8,7077.4,227,258.16,5336.9,5087.1,1
180,300,45.739,-34.091,3465.5,3844.7,848.72,716.31,18886,18899,2.746,0.63823,431.31,1215.5,-929.12,-1553.3,-2120.3,8.4129,-13.11,-51.142,-89.768,164.24,64.448,20.699,7249.5,7259.2,222.67,245.6,5058.1,4786.4,1
180,350,41.285,-37.717,3492.1,3873.6,783.54,672.7,17568,17581,3.9927,-0.12638,735.61,1259.8,-875.79,-1443.6,-2016.1,3.027,-19.656,-54.009,-108.02,262.51,68.591,18.868,7231.9,7251.9,215.31,235.25,4816.3,4525,1
180,400,37.471,-41.491,3511.3,3893.3,732.89,647.01,16511,16523,4.5258,-1.2384,1170.8,1495.2,-830.18,-1355.7,-1919.2,5.2994,-25.171,-57.085,-125.61,335.36,70.144,22.524,7140,7149.5,208.65,227.39,4600.2,4291.3,1
180,450,34.813,-44.052,3524.7,3905.6,691.68,626.09,15635,15646,5.7114,-2.1265,1726.1,1856,-790.84,-1283,-1830.6,4.3055,-24.907,-66.559,-140.95,407.66,77.353,24.031,7140.1,7165,203.9,221.03,4404.5,4080.1,1
180,500,32.463,-44.867,3533.6,3912.2,657.78,606.6,14889,14900,5.3744,-4.0625,2346.5,2352.4,-756.46,-1221.1,-1750.1,18.272,-26.281,-83.002,-151.91,532.12,79.279,27.451,6926.1,6932.1,200.26,215.13,4226.7,3888.4,1
180,550,30.076,-44.595,3539.5,3913.4,666.38,589.38,14244,14254,5.9984,-3.7727,2955,2962.2,-726.16,-1167.7,-1676.9,23.536,-29.294,-82.842,-155.7,584.25,81.331,28.554,6666.5,6672.4,197.38,209.5,4063.7,3714.4,1
180,600,27.833,-44.092,3543.4,3910,665.98,573.19,13677,13687,5.508,-3.2578,3366.6,3368.5,-699.21,-1120.8,-1610.1,18.3,-29.972,-87.752,-150.94,633.6,91.949,31.595,6446.2,6451.6,195.03,204.37,3912.9,3556.1,1
180,650,25.593,-43.706,3546.5,3902.8,660.89,557.81,13174,13183,4.6041,-6.4237,3712.8,3719.7,-675.02,-1079.2,-1548.3,29.327,-34.691,-94.678,-133.7,715.27,96.827,33.575,6371.2,6397.5,192.75,199.89,3772.1,3411.6,1
180,700,23.069,-43.473,3549.3,3892.7,653.35,543.3,12723,12732,3.5233,-9.9889,3909.3,3910.7,-653.16,-1042,-1490.1,13.551,-39.523,-99.119,-99.024,761.02,95.029,34.656,6246.2,6264,190.42,196.02,3639.6,3279.3,1
180,750,20.116,-43.358,3552.1,3881.1,644.45,529.68,12316,12325,3.0056,-9.8027,3933.1,3977.7,-633.29,-1008.5,-1433.7,67.446,-42.106,-108.92,-42.059,766.56,88.075,39.81,6069.2,6082.9,188.13,192.59,3513.8,3156.3,1
180,800,16.741,-43.375,3555,3865.3,634.75,516.88,11946,11955,1.6093,-9.1753,4041,4044.9,-615.12,-978.01,-1377.3,74.796,-44.425,-125.86,41.896,741.62,90.248,41.335,5902.8,5916.2,185.92,189.44,3393,3044.6,1
180,850,13.102,-43.63,3557.7,3843.7,624.59,504.8,11608,11616,-0.7684,-10.009,4015.4,4019.8,-598.4,-950.14,-1318.2,37.003,-47.626,-123.9,156.35,786.21,85.314,42.165,5758.6,5776.5,183.8,186.39,3275.9,2945.1,1
180,900,9.4978,-44.278,3560,3817.8,614.2,493.35,11296,11304,-4.2276,-10.286,3999.5,4004.7,-582.9,-924.47,-1253.4,16.01,-62.08,-124.91,302.29,815.24,82.723,42.211,5670,5687.7,181.72,183.28,3161.3,2854.8,1
180,950,6.2926,-45.363,3561.7,3792.7,603.72,482.46,11007,11015,-4.3445,-10.926,4048.8,4053.4,-568.46,-900.69,-1179.2,78.842,-60.383,-128.06,476.74,806.62,81.077,38.445,5586.6,5587.6,179.62,180.04,3048.1,2765.8,1
180,1000,3.7335,-46.728,3562.8,3761.6,593.24,472.05,10736,10744,-4.4537,-10.958,4108.9,4114.6,-554.9,-878.49,-1091.1,34.31,-60.581,-130.51,711.7,878.77,77.838,38.55,5487.8,5488.8,177.41,176.73,2935.4,2686.6,1
180,1050,1.8363,-48.113,3563.2,3726.8,582.8,462.08,10483,10490,-2.9746,-13.772,4084.7,4090.5,-542.11,-857.64,-984.17,35.622,-64.099,-132.53,966.94,1007.3,75.439,37.641,5389.5,5390.4,175.08,173.49,2822.5,2613.5,1
180,1100,0.46347,-49.293,3563,3692,572.41,452.46,10243,10250,-4.4255,-17.709,4017,4021.7,-529.97,-837.95,-853.41,56.073,-66.138,-132.85,1218.5,1225.8,79.314,35.823,5329.1,5329.8,172.68,170.39,2709.1,2541.5,1
180,1150,-0.52752,-50.148,3562.1,3655.2,562.08,443.17,10015,10022,-5.7473,-21.315,3961.2,3966.9,-518.39,-819.24,-694.37,28.403,-65.904,-134.13,1377.2,1389.3,76.743,34.402,5302.5,5306.9,170.26,167.45,2595.1,2473.7,1
180,1200,-1.2196,-50.674,3560.7,3621.7,551.84,434.17,9796.7,9803.7,-5.5709,-22.766,3897.2,3902.8,-507.28,-801.38,-503.99,32.975,-66.938,-131.75,1504.6,1518.4,73.154,32.056,5238.8,5241.2,167.88,164.67,2481.1,2402.6,1
180,1250,-1.6562,-50.942,3558.7,3590.8,541.71,425.42,9587.6,9594.4,-4.4171,-28.336,3832.7,3838.2,-496.59,-784.24,-281.39,26.028,-69.877,-129.37,1611.5,1626.1,76.337,32.353,5184,5187.5,165.56,162.03,2367.7,2330.5,1
180,1300,-1.8768,-51.047,3556.2,3568.5,531.75,416.92,9386.2,9392.9,-2.8788,-30.102,3779,3790.1,-486.28,-767.74,-80.389,29.682,-72.115,-129.48,1728.9,1731.6,75.298,32.606,5113.7,5126.1,163.3,159.55,2255.6,2248.2,1
180,1350,-1.9271,-51.07,3553.3,3560.1,522.01,408.67,9191.7,9198.2,-1.1215,-29.423,3753.4,3761.5,-476.3,-751.81,60.407,62.196,-77.017,-132.12,1808.8,1812.1,74.29,37.211,5014.2,5031.6,161.14,157.22,2145.7,2146.8,1
180,1400,-1.8537,-51.061,3550,3556.7,512.52,400.67,9003.6,9010,-0.72003,-32.453,3722.8,3728.9,-466.65,-736.4,193.95,200.59,-76.771,-129.93,1858.5,1861.5,78.051,38.261,4917.6,4934.7,159.08,155.06,2038.9,2040,1
180,1450,-1.6977,-51.05,3546.5,3553.1,503.34,392.92,8821.7,8828,0.29507,-36.312,3669.4,3672.9,-457.32,-721.51,329.76,338.21,-76.448,-127.81,1945.7,1948.9,79.398,37.817,4824.1,4840.9,157.16,153.08,1936,1937,1
180,1500,-1.4931,-51.049,3542.8,3549.3,494.5,385.44,8645.8,8652,2.2824,-38.907,3597.5,3601,-448.3,-707.1,469.11,479.57,-75.094,-131.71,2016.1,2019.4,87.939,37.33,4779.9,4805.9,155.39,151.28,1837.7,1838.5,1
180,1550,-1.2672,-51.064,3539,3545.6,486.04,378.26,8476.1,8482.1,5.5423,-38.347,3548.1,3552.8,-439.6,-693.2,608.73,621.25,-75.414,-131.01,2118.6,2128.8,90.142,36.193,4703.1,4728.6,153.79,149.67,1744.6,1745.2,1
180,1600,-1.0409,-51.093,3535.4,3541.9,477.98,371.37,8312.6,8318.5,6.806,-38.976,3516.2,3520.9,-431.23,-679.8,728.3,731.94,-76.528,-129.28,2177.9,2185.4,88.749,37.03,4630.1,4651.2,152.36,148.23,1657.2,1657.6,1
180,1650,-0.82939,-51.134,3531.8,3538.3,470.36,364.8,8155.5,8161.3,6.18,-38.386,3539.1,3549.2,-423.2,-666.93,830.05,833.36,-77.568,-128.82,2224.3,2226.1,87.654,38.699,4572.9,4575.7,151.11,146.98,1575.7,1575.9,1
180,1700,-0.64267,-51.185,3528.4,3534.9,463.18,358.55,8005.2,8010.9,6.7502,-37.834,3487,3511.5,-415.53,-654.6,925.91,929.01,-78.552,-127.1,2301.6,2303.9,85.965,38.099,4529.2,4537.3,150.02,145.9,1500.4,1500.5,1
180,1750,-0.48582,-51.243,3525.3,3531.8,456.47,352.64,7861.8,7867.4,5.3182,-38.282,3467.3,3491.4,-408.23,-642.84,1015.5,1018.5,-79.408,-127.4,2355.8,2368,85.293,37.67,4457.5,4461.5,149.09,144.98,1431.3,1431.2,1
180,1800,-0.3605,-51.306,3522.3,3528.8,450.21,347.08,7725.5,7731,6.8707,-37.604,3430.8,3457.8,-407.89,-631.67,1098.8,1101.6,-80.339,-126.04,2448.7,2455.5,85.349,37.628,4385.9,4390.9,148.3,144.2,1368.4,1368.1,1
180,1850,-0.26575,-51.371,3519.7,3526.2,444.41,341.86,7596.6,7602,7.2362,-36.962,3469.7,3472.4,-409.89,-621.09,1175.7,1178.5,-82.348,-128.9,2488.4,2508.1,83.493,37.619,4334.5,4339.1,147.65,143.55,1311.5,1311.1,1
180,1900,-0.19893,-51.439,3517.2,3523.7,439.06,337,7475.1,7480.5,5.0833,-37.981,3427.7,3429.7,-411.95,-611.11,1246.4,1249.2,-84.741,-131.21,2509.3,2512.6,83.762,37.43,4277.6,4278.3,147.1,143.01,1260.4,1259.8,1
180,1950,-0.15649,-51.506,3515,3521.5,434.15,332.47,7361.2,7366.4,4.4075,-37.753,3428.6,3439.7,-414.05,-601.76,1311.2,1314,-86.952,-135.07,2523.3,2530,83.417,37.721,4253.7,4254.5,146.66,142.58,1214.8,1214.1,1
180,2000,-0.13457,-51.572,3513,3519.6,429.64,328.28,7267.5,7270.3,5.0689,-38.195,3404.6,3415.7,-416.15,-593.01,1370.4,1373.3,-88.394,-138.63,2571.4,2577.3,85.09,38.104,4253.7,4254.4,146.3,142.23,1174.2,1173.4,1
180,2050,-0.12921,-51.637,3511.3,3517.8,425.53,324.42,7185.2,7187.9,5.6563,-38.609,3392.7,3398.6,-418.23,-584.86,1424.5,1427.3,-88.708,-141.37,2582.2,2583.7,83.867,38.988,4242.1,4252.8,146.02,141.95,1138.5,1137.6,1
180,2100,-0.13689,-51.699,3509.7,3516.2,421.79,320.86,7109.5,7112.2,6.1768,-38.506,3367.4,3378.6,-420.24,-577.31,1473.6,1476.4,-89.021,-142.43,2587.6,2596.3,82.711,39.566,4216.3,4229.3,145.79,141.73,1107,1106,1
180,2150,-0.15439,-51.759,3508.2,3514.8,418.38,317.6,7040.2,7042.9,6.6373,-38.246,3358.6,3366.8,-422.19,-570.32,1518.2,1521.1,-90.184,-145.24,2632.6,2643.8,81.911,40.103,4178,4186.7,145.62,141.56,1079.5,1078.4,1
180,2200,-0.24849,-51.835,3506.9,3513.5,415.38,314.73,6977.2,6979.9,7.2189,-37.952,3349.9,3354.3,-424.1,-563.9,1558.6,1561.5,-90.561,-147.39,2676.8,2683.5,82.302,40.397,4145.9,4149.9,145.48,141.43,1055.5,1054.4,1
180,2250,-0.27678,-51.889,3505.8,3512.4,412.57,311.99,6919.5,6922.1,7.4498,-37.937,3363.4,3367.2,-425.86,-558,1595.2,1598.2,-90.694,-149.06,2688.4,2690.9,82.744,40.285,4125,4137.4,145.38,141.34,1034.7,1033.5,1
180,2300,-0.3031,-51.937,3504.8,3511.3,410.03,309.51,6867,6869.6,7.6585,-37.947,3374.3,3383.8,-427.49,-552.59,1628.3,1631.3,-90.822,-149.83,2695.7,2697.7,82.93,40.188,4100,4112.4,145.3,141.27,1016.6,1015.3,1
180,2350,-0.33112,-51.981,3503.9,3510.4,407.74,312.79,6819.3,6821.9,7.8461,-37.96,3367.8,3372.9,-429.02,-547.65,1658.2,1661.2,-90.948,-150.4,2724.4,2727.7,83.2,40.057,4077.5,4089.7,145.25,141.22,1000.9,999.61,1
180,2400,-0.3602,-52.022,3503,3509.6,405.68,317.41,6776.1,6778.7,8.0144,-37.976,3376,3376.5,-430.43,-543.14,1685.2,1688.2,-91.07,-150.92,2745.2,2746.9,83.442,39.704,4057.1,4069.3,145.21,141.19,987.39,986.03,1
180,2450,-0.38937,-52.059,3502.3,3508.9,403.82,321.58,6737,6739.5,8.1652,-37.994,3362,3362.5,-431.74,-539.03,1709.5,1712.6,-91.186,-151.3,2760.1,2763.5,83.205,39.383,4045.7,4057.6,145.19,141.17,975.69,974.31,1
180,2500,-0.41807,-52.094,3501.6,3508.2,402.14,325.33,6701.6,6704.1,8.3005,-38.002,3357.8,3362.4,-432.94,-535.31,1731.4,1734.5,-91.304,-150.82,2778.3,2778.9,82.742,39.092,4034.5,4043.1,145.17,141.17,965.59,964.18,1
180,2550,-0.44588,-52.125,3501.1,3507.7,404.46,328.72,6669.6,6672.1,8.4218,-37.869,3361.5,3365.7,-434.04,-531.92,1751.2,1754.3,-91.491,-150.38,2781.2,2781.9,82.611,38.828,4018.2,4031.1,145.17,141.17,956.87,955.44,1
180,2600,-0.47235,-52.154,3500.5,3507.1,406.92,331.77,6640.8,6643.3,8.5013,-37.749,3366.3,3373.4,-435.05,-528.86,1768.9,1772.1,-91.662,-150.4,2777.2,2781.6,82.682,38.589,4022.8,4029.5,145.17,141.17,949.34,947.89,1
180,2650,-0.49742,-52.18,3500.1,3506.7,409.14,334.51,6614.7,6617.2,8.5714,-37.675,3376,3381.5,-435.96,-526.09,1784.9,1788.1,-91.818,-151.43,2772.4,2781.1,82.745,38.374,4002.4,4009.1,145.17,141.18,942.83,941.36,1
180,2700,-0.52088,-52.204,3499.7,3506.3,411.14,336.98,6591.3,6593.8,8.6339,-37.787,3371.1,3380.1,-436.8,-523.59,1799.3,1802.4,-91.961,-151.26,2779.4,2792.3,82.801,38.178,3988.4,3992.7,145.18,141.19,937.19,935.71,1
180,2750,-0.54268,-52.225,3499.3,3505.9,412.94,339.2,6570.2,6572.7,8.6897,-37.887,3372.5,3373.3,-437.56,-521.33,1812.2,1815.4,-92.09,-151.34,2783.3,2802,82.851,38.002,3977.6,3982,145.18,141.21,932.31,930.82,1
180,2800,-0.56293,-52.245,3498.9,3505.6,414.56,341.19,6551.2,6553.7,8.7395,-37.976,3375.9,3379.3,-438.24,-519.29,1823.8,1827,-92.207,-151.93,2785.6,2805.5,82.896,37.992,3968,3972.3,145.19,141.22,928.08,926.58,1
180,2850,-0.58149,-52.263,3498.6,3505.3,416.02,342.98,6534.2,6536.7,8.7841,-38.057,3370.7,3375,-438.86,-517.46,1834.2,1837.4,-92.42,-152.46,2781,2805.7,82.936,38.038,3955.3,3963.7,145.2,141.24,924.41,922.9,1
180,2900,-0.59857,-52.279,3498.4,3505,417.33,344.59,6518.9,6521.3,8.8239,-38.129,3365.9,3370.2,-439.43,-515.81,1843.5,1846.7,-92.646,-152.93,2783.4,2801.5,82.971,38.079,3943.3,3952.7,145.22,141.25,921.21,919.69,1
180,2950,-0.61418,-52.293,3498.1,3504.7,418.51,346.03,6505.1,6507.5,8.8595,-38.193,3361.7,3366,-439.93,-514.32,1851.9,1855.1,-92.849,-153.36,2787.3,2803.1,83.003,38.115,3932.5,3941.9,145.23,141.26,918.42,916.9,1
180,3000,-0.6284,-52.306,3497.9,3504.5,419.57,347.33,6492.7,6495.2,8.8913,-38.25,3357.9,3362.2,-440.39,-512.98,1859.4,1862.7,-93.032,-153.75,2789.9,2805.7,83.031,38.148,3931.6,3939.9,145.24,141.28,915.99,914.47,1
180,3050,-0.64134,-52.318,3497.7,3504.3,420.52,348.49,6481.6,6484.1,8.9198,-38.324,3356.4,3363.9,-440.8,-511.78,1866.2,1869.4,-93.196,-154.09,2792.2,2808,82.895,38.177,3938,3942.5,145.25,141.29,913.86,912.34,1
180,3100,-0.65313,-52.328,3497.6,3504.2,421.38,349.53,6471.6,6474.1,8.9452,-38.422,3360.4,3364.2,-441.17,-510.7,1872.3,1875.5,-93.344,-154.4,2798.7,2814.5,82.731,38.204,3942.8,3944.8,145.26,141.3,912,910.47,1
180,3150,-0.67141,-52.34,3497.4,3504,422.11,350.44,6462.9,6465.3,8.9733,-38.52,3361,3363.6,-441.5,-509.76,1877.6,1880.9,-93.482,-154.61,2803.1,2819,82.571,38.224,3941.5,3943.6,145.27,141.32,910.4,908.87,1
180,3200,-0.68078,-52.348,3497.3,3503.9,422.77,351.26,6455.1,6457.5,8.9931,-38.599,3361,3362.8,-441.78,-508.92,1882.4,1885.6,-93.598,-154.51,2807.1,2823,82.443,38.244,3940.5,3942.6,145.28,141.33,909.01,907.48,1
180,3250,-0.68774,-52.356,3497.1,3503.8,423.38,351.99,6448,6450.5,9.0111,-38.669,3363.7,3365.6,-442.04,-508.16,1886.7,1889.9,-93.643,-154.42,2810.7,2826.6,82.329,38.263,3939.5,3941.6,145.28,141.34,907.78,906.24,1
180,3300,-0.6942,-52.362,3497,3503.7,423.92,352.66,6441.7,6444.1,9.0271,-38.731,3362.7,3364.8,-442.27,-507.48,1890.5,1893.8,-93.684,-154.34,2813.9,2829.8,82.226,38.28,3938.1,3940.8,145.29,141.35,906.69,905.15,1
180,3350,-0.70025,-52.368,3496.9,3503.6,424.41,353.25,6436,6438.4,9.0413,-38.786,3364.3,3365.8,-442.49,-506.86,1894,1897.2,-93.721,-154.27,2816.8,2832.7,82.134,38.253,3935.1,3938.3,145.3,141.35,905.73,904.19,1
180,3400,-0.70587,-52.373,3496.8,3503.5,424.85,353.79,6430.9,6433.3,9.0539,-38.835,3365.7,3367.2,-442.68,-506.3,1897.1,1900.3,-93.755,-154.21,2819.4,2835.3,82.051,38.208,3932.5,3935.6,145.3,141.36,904.87,903.33,1
180,3450,-0.71104,-52.378,3496.8,3503.4,425.25,354.27,6426.3,6428.7,9.0652,-38.879,3367,3368.5,-442.86,-505.8,1899.8,1903.1,-93.786,-154.15,2821.7,2837.7,81.976,38.167,3930.3,3937.4,145.31,141.37,904.11,902.57,1
180,3500,-0.71954,-52.383,3496.7,3503.3,425.58,354.68,6422.3,6424.7,9.0777,-38.923,3368.1,3369.6,-443,-505.37,1902.3,1905.6,-93.816,-154.14,2823.8,2839.3,81.903,38.128,3931.9,3939,145.31,141.38,903.46,901.92,1
180,3550,-0.72298,-52.387,3496.6,3503.3,425.89,355.06,6418.7,6421.1,9.0864,-38.958,3369.1,3370.6,-443.14,-504.98,1904.5,1907.8,-93.839,-154.15,2825.6,2838.9,81.845,38.097,3933.4,3940.5,145.32,141.38,902.88,901.34,1
180,3600,-0.72617,-52.39,3496.6,3503.2,426.18,355.4,6415.4,6417.8,9.0945,-38.99,3369.7,3371.9,-443.26,-504.62,1906.5,1909.8,-93.861,-154.17,2827.3,2838.5,81.792,38.067,3934.8,3941.9,145.32,141.39,902.35,900.81,1
180,3650,-0.73158,-52.394,3496.5,3503.2,426.42,355.7,6412.5,6414.9,9.1031,-39.02,3369.4,3372.5,-443.37,-504.31,1908.2,1911.5,-93.881,-154.18,2828.7,2838.1,81.741,38.04,3936,3943.1,145.33,141.39,901.9,900.35,1
180,3700,-0.73416,-52.396,3496.5,3503.1,426.64,355.97,6409.9,6412.3,9.1092,-39.045,3370,3373.1,-443.46,-504.03,1909.8,1913.1,-93.898,-154.19,2828.5,2837.8,81.7,38.015,3937,3944.1,145.33,141.4,901.49,899.95,1
180,3750,-0.73621,-52.399,3496.4,3503.1,426.84,356.22,6407.6,6410,9.1147,-39.067,3370.5,3373.6,-443.55,-503.77,1911.2,1914.5,-93.913,-154.2,2828.3,2837.6,81.663,37.993,3938,3945.1,145.33,141.4,901.13,899.58,1
180,3800,-0.73993,-52.401,3496.4,3503,427.02,356.43,6405.5,6408,9.1207,-39.088,3371,3374.1,-443.63,-503.55,1912.5,1915.8,-93.928,-154.21,2828,2837.3,81.627,37.971,3938.8,3945.9,145.34,141.4,900.81,899.27,1
180,3850,-0.74142,-52.403,3496.4,3503,427.18,356.62,6403.7,6406.1,9.125,-39.106,3371.4,3374.5,-443.7,-503.35,1913.6,1916.9,-93.94,-154.21,2827.8,2837.1,81.598,37.954,3939.6,3946.7,145.34,141.41,900.52,898.98,1
180,3900,-0.74411,-52.405,3496.4,3503,427.31,356.79,6402.1,6404.5,9.1297,-39.123,3371.7,3374.9,-443.76,-503.17,1914.6,1917.9,-93.952,-154.22,2827.6,2836.9,81.569,37.936,3940.2,3947.4,145.34,141.41,900.28,898.73,1
180,3950,-0.74622,-52.407,3496.3,3503,427.45,356.95,6400.5,6402.9,9.1341,-39.139,3372.1,3374.7,-443.82,-503.01,1915.5,1918.8,-93.962,-154.23,2827.4,2836.8,81.543,37.92,3940.9,3948,145.34,141.41,900.04,898.49,1
180,4000,-0.74725,-52.408,3496.3,3502.9,427.56,357.09,6399.2,6401.6,9.1369,-39.15,3372.3,3374,-443.87,-502.87,1916.3,1919.6,-93.971,-154.23,2827.3,2836.6,81.523,37.908,3941.4,3948.5,145.35,141.41,899.84,898.3,1
180,4050,-0.74888,-52.409,3496.3,3502.9,427.66,357.21,6398,6400.4,9.1402,-39.163,3371.6,3373.3,-443.91,-502.74,1917,1920.3,-93.979,-154.24,2827.2,2836.5,81.503,37.896,3941.9,3949,145.35,141.42,899.66,898.12,1
180,4100,-0.75017,-52.41,3496.3,3502.9,427.75,357.32,6397,6399.4,9.1429,-39.173,3371.1,3372.8,-443.95,-502.63,1917.6,1920.9,-93.986,-154.24,2827,2836.3,81.486,37.885,3942.3,3949.4,145.35,141.42,899.51,897.97,1
180,4150,-0.75125,-52.411,3496.2,3502.9,427.82,357.41,6396.1,6398.5,9.1454,-39.182,3370.6,3372.3,-443.98,-502.53,1918.2,1921.5,-93.992,-154.24,2826.9,2836.2,81.471,37.876,3942.7,3949.8,145.35,141.42,899.38,897.83,1
180,4200,-0.75213,-52.412,3496.2,3502.9,427.9,357.51,6395.2,6397.6,9.1477,-39.19,3370.1,3371.8,-444.01,-502.43,1918.7,1922,-93.997,-154.25,2826.8,2836.1,81.457,37.867,3943,3950.2,145.35,141.42,899.25,897.7,1
180,4250,-0.75317,-52.413,3496.2,3502.8,427.96,357.58,6394.5,6396.9,9.1501,-39.198,3369.7,3371.4,-444.04,-502.36,1919.2,1922.5,-94.002,-154.25,2826.7,2836,81.444,37.859,3943.3,3950.5,145.35,141.42,899.14,897.59,1
180,4300,-0.75373,-52.414,3496.2,3502.8,428.01,357.65,6393.9,6396.3,9.1516,-39.204,3369.4,3371.1,-444.06,-502.29,1919.6,1922.9,-94.006,-154.25,2826.7,2836,81.435,37.853,3943.6,3950.7,145.35,141.42,899.05,897.5,1
180,4350,-0.7544,-52.414,3496.2,3502.8,428.07,357.71,6393.3,6395.7,9.1534,-39.21,3369.1,3370.7,-444.08,-502.23,1919.9,1923.2,-94.01,-154.25,2826.6,2835.9,81.424,37.846,3943.8,3951,145.35,141.42,898.96,897.41,1
180,4400,-0.75489,-52.415,3496.2,3502.8,428.11,357.77,6392.7,6395.1,9.1549,-39.216,3368.8,3370.5,-444.1,-502.17,1920.3,1923.6,-94.014,-154.26,2826.5,2835.8,81.416,37.841,3944,3951.2,145.35,141.42,898.88,897.33,1
180,4450,-0.75537,-52.415,3496.2,3502.8,428.15,357.81,6392.3,6394.7,9.1539,-39.221,3368.5,3370.2,-444.11,-502.12,1920.5,1923.8,-94.017,-154.26,2826.5,2835.8,81.408,37.836,3944.2,3951.4,145.35,141.43,898.81,897.27,1
180,4500,-0.75556,-52.416,3496.2,3502.8,428.18,357.85,6391.9,6394.3,9.1517,-39.224,3368.4,3370,-444.13,-502.08,1920.8,1924.1,-94.019,-154.26,2826.4,2835.7,81.403,37.832,3944.4,3951.5,145.35,141.43,898.76,897.22,1
180,4550,-0.75578,-52.416,3496.2,3502.8,428.21,357.89,6391.6,6394,9.1495,-39.228,3368.2,3369.8,-444.14,-502.05,1921,1924.3,-94.021,-154.26,2826.4,2835.7,81.397,37.828,3944.5,3951.6,145.35,141.43,898.71,897.17,1
180,4600,-0.75592,-52.416,3496.2,3502.8,428.23,357.92,6391.3,6393.7,9.148,-39.231,3368,3369.7,-444.14,-502.02,1921.1,1924.4,-94.023,-154.26,2826.3,2835.6,81.393,37.825,3944.6,3951.7,145.36,141.43,898.67,897.13,1
180,4650,-0.75599,-52.416,3496.2,3502.8,428.25,357.94,6391.1,6393.5,9.1465,-39.234,3367.9,3369.6,-444.15,-501.99,1921.3,1924.6,-94.024,-154.26,2826.3,2835.6,81.389,37.821,3944.7,3951.9,145.36,141.43,898.64,897.09,1
180,4700,-0.756,-52.417,3496.2,3502.8,428.27,357.97,6390.8,6393.2,9.145,-39.236,3367.8,3369.4,-444.16,-501.97,1921.5,1924.8,-94.026,-154.26,2826.3,2835.6,81.385,37.818,3944.8,3952,145.36,141.43,898.6,897.05,1
180,4750,-0.75594,-52.417,3496.1,3502.8,428.28,357.99,6390.6,6393,9.1441,-39.239,3367.7,3369.3,-444.16,-501.95,1921.6,1924.9,-94.027,-154.27,2826.2,2835.5,81.382,37.815,3944.9,3952,145.36,141.43,898.57,897.03,1
180,4800,-0.75591,-52.417,3496.1,3502.8,428.29,358,6390.5,6392.9,9.1437,-39.24,3367.6,3369.3,-444.16,-501.94,1921.6,1924.9,-94.027,-154.27,2826.2,2835.5,81.381,37.814,3944.9,3952.1,145.36,141.43,898.56,897.02,1
180,4850,-0.75579,-52.417,3496.1,3502.8,428.3,358.01,6390.5,6392.9,9.1433,-39.24,3367.6,3369.2,-444.16,-501.93,1921.7,1925,-94.028,-154.27,2826.2,2835.5,81.38,37.812,3944.9,3952.1,145.36,141.43,898.55,897,1
180,4900,-0.75579,-52.417,3496.1,3502.8,428.3,358.01,6390.5,6392.9,9.1433,-39.24,3367.6,3369.2,-444.16,-501.93,1921.7,1925,-94.028,-154.27,2826.2,2835.5,81.38,37.812,3944.9,3952.1,145.36,141.43,898.55,897,1
180,4950,-0.75579,-52.417,3496.1,3502.8,428.3,358.01,6390.5,6392.9,9.1433,-39.24,3367.6,3369.2,-444.16,-501.93,1921.7,1925,-94.028,-154.27,2826.2,2835.5,81.38,37.812,3944.9,3952.1,145.36,141.43,898.55,897,1
180,5000,-0.75579,-52.417,3496.1,3502.8,428.3,358.01,6390.5,6392.9,9.1433,-39.24,3367.6,3369.2,-444.16,-501.93,1921.7,1925,-94.028,-154.27,2826.2,2835.5,81.38,37.812,3944.9,3952.1,145.36,141.43,898.55,897,1
